org_id,org_name,org_type,homepage_url,jobs_url,jobs_source_type,adapter,confidence,discovered_via,last_verified,notes
fn-0523-musk-kosiminiziibing,Musk-kosiminiziibing,first_nation,http://biggrassy.ca/,http://biggrassy.ca/employment-opportunities,,,,,,
mun-0359-township-of-north-algona-wilberforce,Township of North Algona-Wilberforce,municipality,http://nalgonawil.com/,http://nalgonawil.com/opportunities-tenders,,,,,,
fn-0448-animbiigoo-zaagi-igan-anishinaabek,Animbiigoo Zaagi'igan Anishinaabek,first_nation,http://www.aza.ca/,http://www.aza.ca/employment--training,,,,,,
fn-0463-bingwi-neyaashi-anishinaabek,Bingwi Neyaashi Anishinaabek,first_nation,http://www.bnafn.ca/,http://www.bnafn.ca/employment-opportunities/,,,,,,
fn-0462-biinjitiwaabik-zaaging-anishinaabek,Biinjitiwaabik Zaaging Anishinaabek,first_nation,http://www.rockybayfn.ca/,http://www.rockybayfn.ca/job-board,,,,,,
fn-0582-zhiibaahaasing-first-nation,Zhiibaahaasing First Nation,first_nation,http://www.uccmm.ca/zhiibaahaasing.html,http://www.uccmm.ca/employment-opportunities.html,,,,,,
mun-0243-township-of-ashfield-colborne-wawanosh,Township of Ashfield-Colborne-Wawanosh,municipality,https://acwtownship.ca/,https://acwtownship.ca/government/careers,,,,,,
mun-0234-township-of-adjala-tosorontio,Township of Adjala-Tosorontio,municipality,https://adjtos.ca/,https://adjtos.ca/municipal-government/employment-opportunities,,,,,,
mun-0235-township-of-admaston-bromley,Township of Admaston-Bromley,municipality,https://admastonbromley.com/,"https://admastonbromley.com/news-notices/#:~:text=transportation%2Dinfrastructure%2Dprojects-,EMPLOYMENT%20OPPORTUNITIES,-There%20are%20no",,,,,,
mun-0236-township-of-alberton,Township of Alberton,municipality,https://alberton.ca/,https://alberton.ca/employment,,,,,,
fn-0445-alderville-first-nation,Alderville First Nation,first_nation,https://alderville.ca/,https://alderville.ca/employment-opportunities,,,,,,
fn-0455-aundeck-omni-kaning,Aundeck-Omni-Kaning,first_nation,https://aokfn.com/,https://aokfn.com/employment,,,,,,
fn-0451-apitipi-anicinapek-nation,Apitipi Anicinapek Nation,first_nation,https://apitipi.ca/,https://apitipi.ca/employment,,,,,,
fn-0453-atikameksheng-anishnawbek,Atikameksheng Anishnawbek,first_nation,https://atikamekshenganishnawbek.ca/,https://atikamekshenganishnawbek.ca/employment-tenders,,,,,,
mun-0247-township-of-atikokan,Township of Atikokan,municipality,https://atikokan.ca/,https://atikokan.ca/town-administration/job-opportunities,,,,,,
mun-0248-township-of-augusta,Township of Augusta,municipality,https://augusta.ca/,https://augusta.ca/employment-opportunities,,,,,,
mun-0151-town-of-aylmer,Town of Aylmer,municipality,https://aylmer.ca/,https://aylmer.ca/town-hall/employment-opportunities/,,,,,,
mun-0152-town-of-bancroft,Town of Bancroft,municipality,https://www.bancroft.ca/,https://bancroft.civicweb.net/filepro/documents/47725/,,,,,,
fn-0456-batchewana-first-nation,Batchewana First Nation,first_nation,https://batchewana.ca/,https://batchewana.ca/careers,,,,,,
mun-0250-township-of-beckwith,Township of Beckwith,municipality,https://beckwith.ca/,https://beckwith.ca/category/career-employment/,,,,,,
fn-0464-brunswick-house,Brunswick House,first_nation,https://bhfn.ca/,https://bhfn.ca/employment-and-training,,,,,,
mun-0256-township-of-brudenell-lyndoch-and-raglan,"Township of Brudenell, Lyndoch and Raglan",municipality,https://blrtownship.ca/,https://blrtownship.ca/article/employment/,,,,,,
mun-0005-city-of-brockville,City of Brockville,municipality,https://brockville.com/,https://brockville.com/city-services/careers,,,,,,
mun-0079-municipality-of-brooke-alvinston,Municipality of Brooke-Alvinston,municipality,https://www.brookealvinston.com/,https://brookealvinston.com/residents/employment-opportunities-2,,,,,,
mun-0156-town-of-bruce-mines,Town of Bruce Mines,municipality,https://brucemines.ca/,https://brucemines.ca/government/employment-opportunities,,,,,,
mun-0140-regional-municipality-of-halton,Regional Municipality of Halton,municipality,https://www.halton.ca/,https://careers.halton.ca/,,,,,,
mun-0042-city-of-thunder-bay,City of Thunder Bay,municipality,https://www.thunderbay.ca/en/index.aspx,https://careers.thunderbay.ca/careers-home,,,,,,
mun-0158-town-of-carleton-place,Town of Carleton Place,municipality,https://carletonplace.ca/,https://carletonplace.ca/town/municipal-services-info/employment-opportunities,,,,,,
mun-0259-township-of-carling,Township of Carling,municipality,https://carling.ca/,https://carling.ca/municipal-information/employment-in-carling,,,,,,
mun-0260-township-of-carlow-mayo,Township of Carlow/Mayo,municipality,https://carlowmayo.ca/,https://carlowmayo.ca/council/tenders-rfqs-rfps-employment,,,,,,
mun-0261-township-of-casey,Township of Casey,municipality,https://casey.ca/,https://casey.ca/ ,,,,,,
mun-0267-township-of-chapleau,Township of Chapleau,municipality,https://chapleau.ca/,https://chapleau.ca/business/resources/employment-volunteer-opportunities,,,,,,
fn-0467-chapleau-cree-first-nation,Chapleau Cree First Nation,first_nation,https://chapleaucree.ca/,https://chapleaucree.ca/employment-opportunities,,,,,,
mun-0268-township-of-chapple,Township of Chapple,municipality,https://chapple.on.ca/,https://chapple.on.ca/employment,,,,,,
mun-0269-township-of-chatsworth,Township of Chatsworth,municipality,https://chatsworth.ca/,https://chatsworth.ca/government/employment-opportunities,,,,,,
fn-0460-beausoleil,Beausoleil,first_nation,https://www.chimnissing.ca/index.html,https://chimnissing.ca/humanr.html,,,,,,
mun-0045-city-of-vaughan,City of Vaughan,municipality,https://www.vaughan.ca/,https://cityofvaughan.njoyn.com/cl4/xweb/xweb.asp?tbtoken=bV9cRRIXCBN3EHd5TSEnCFZJARZEcFgtBkgjIVoPE21eKEcaXDITAmYGcQkbUxFSSnUqWA%3D%3D&chk=ZVpaShw%3D&page=joblisting&CLID=74035,,,,,,
mun-0049-city-of-woodstock,City of Woodstock,municipality,https://www.cityofwoodstock.ca/en/index.aspx,https://cityofwoodstock.applytojob.com/,,,,,,
mun-0159-town-of-cobalt,Town of Cobalt,municipality,https://cobalt.ca/,https://cobalt.ca/residents/municipal-services/employment-opportunities,,,,,,
mun-0161-town-of-cochrane,Town of Cochrane,municipality,https://cochraneontario.com/,https://cochraneontario.com/living/employment-opportunities,,,,,,
fn-0474-constance-lake,Constance Lake,first_nation,https://constancelake.ca/,https://constancelake.ca/education-training-and-employment,,,,,,
fn-0473-chippewas-of-the-thames-first-nation,Chippewas of the Thames First Nation,first_nation,https://cottfn.com/,https://cottfn.com/departments/employment-and-training,,,,,,
mun-0050-county-of-brant,County of Brant,municipality,https://www.brant.ca/en/index.aspx,https://countyofbrant.applytojob.com/apply,,,,,,
fn-0476-curve-lake,Curve Lake,first_nation,https://curvelakefirstnation.ca/,https://curvelakefirstnation.ca/employment/,,,,,,
fn-0478-delaware,Delaware,first_nation,https://delawarenation.on.ca/,https://delawarenation.on.ca/category/employment/,,,,,,
fn-0521-moravian-of-the-thames,Moravian of the Thames,first_nation,https://delawarenation.on.ca/,https://delawarenation.on.ca/category/employment/,,,,,,
fn-0479-dokis,Dokis,first_nation,https://dokis.ca/,https://dokis.ca/employment-services,,,,,,
mun-0278-township-of-dorion,Township of Dorion,municipality,https://doriontownship.ca/,https://doriontownship.ca/township/employment,,,,,,
mun-0281-township-of-dubreuilville,Township of Dubreuilville,municipality,https://dubreuilville.ca/,https://dubreuilville.ca/en/business/tenders-request-for-proposals-employment-opportunities,,,,,,
fn-0481-eagle-lake,Eagle Lake,first_nation,https://eaglelakefn.ca/,https://eaglelakefn.ca/employment,,,,,,
mun-0282-township-of-ear-falls,Township of Ear Falls,municipality,https://ear-falls.com/,https://ear-falls.com/business/employment,,,,,,
mun-0090-municipality-of-east-ferris,Municipality of East Ferris,municipality,https://eastferris.ca/en,https://eastferris.ca/en/your-government/employment-opportunities,,,,,,
mun-0332-township-of-macdonald-meredith-aberdeen-add-l,"Township of Macdonald, Meredith & Aberdeen Add'l",municipality,https://echobay.ca/,https://echobay.ca/firefighter-recruitment,,,,,,
mun-0314-township-of-james,Township of James,municipality,https://elklake.ca/,https://elklake.ca/employment,,,,,,
mun-0288-township-of-emo,Township of Emo,municipality,https://emo.ca/,https://emo.ca/tenders-careers,,,,,,
mun-0291-township-of-evanturel,Township of Evanturel,municipality,https://evanturel.com/,https://evanturel.com/index.asp?Type=B_PR&SEC={59504E92-B765-40A9-9606-2C6A00759597}&MODE=LIST,,,,,,
mun-0292-township-of-faraday,Township of Faraday,municipality,https://faraday.ca/,https://faraday.ca/council/tenders-employment,,,,,,
mun-0171-town-of-fort-frances,Town of Fort Frances,municipality,https://fortfrances.ca/,https://fortfrances.ca/jobs,,,,,,
fn-0484-fort-william,Fort William,first_nation,https://fwfn.com/,https://fwfn.com/employment,,,,,,
fn-0469-chippewas-of-georgina-island,Chippewas of Georgina Island,first_nation,https://georginaisland.com/,https://georginaisland.com/community-services/human-resources/,,,,,,
fn-0488-grassy-narrows-first-nation,Grassy Narrows First Nation,first_nation,https://gnfn.ca/,https://gnfn.ca/careers/,,,,,,
mun-0014-city-of-guelph,City of Guelph,municipality,https://guelph.ca/,https://guelph.ca/employment-careers/careers-jobs,,,,,,
mun-0435-village-of-hilton-beach,Village of Hilton Beach,municipality,https://hiltonbeach.com/,https://hiltonbeach.com/notice-category/job-postings/,,,,,,
mun-0098-municipality-of-huron-shores,Municipality of Huron Shores,municipality,https://huronshores.ca/,https://huronshores.ca/business/employment,,,,,,
mun-0186-town-of-innisfil,Town of Innisfil,municipality,https://innisfil.ca/en/index.aspx,https://innisfil.ca/en/business-and-employment/careers.aspx,,,,,,
mun-0027-city-of-ottawa,City of Ottawa,municipality,https://ottawa.ca/en,https://jobs-emplois.ottawa.ca/city-jobs/search?q=&utm_source=CSSearchWidget&startrow=1,,,,,,
mun-0033-city-of-quinte-west,City of Quinte West,municipality,https://quintewest.ca/,https://jobs.dayforcehcm.com/en-CA/quintewest/CANDIDATEPORTAL,,,,,,
mun-0019-city-of-kitchener,City of Kitchener,municipality,https://www.kitchener.ca/,https://jobs.kitchener.ca/,,,,,,
mun-0044-city-of-toronto,City of Toronto,municipality,https://www.toronto.ca/,https://jobs.toronto.ca/jobsatcity/search/,,,,,,
mun-0315-township-of-jocelyn,Township of Jocelyn,municipality,https://jocelyn.ca/,https://jocelyn.ca/employment-opportunities,,,,,,
mun-0316-township-of-johnson,Township of Johnson,municipality,https://johnsontownship.ca/,https://johnsontownship.ca/2026/01/employment-opportunity-part-time-recreation-coordinator-maternity-leave-18-month-coverage,,,,,,
fn-0470-chippewas-of-kettle-and-stony-point,Chippewas of Kettle and Stony Point,first_nation,https://kettlepoint.org/,https://kettlepoint.org/four-winds-community-employment-services,,,,,,
fn-0500-lac-seul,Lac Seul,first_nation,https://lacseulfn.org/,https://lacseulfn.org/careers,,,,,,
mun-0061-county-of-lennox-and-addington,County of Lennox and Addington,municipality,https://lennox-addington.on.ca/,https://lennox-addington.on.ca/careers,,,,,,
mun-0329-township-of-limerick,Township of Limerick,municipality,https://limerick.ca/,https://limerick.ca/businesses-government/job-opportunities,,,,,,
mun-0020-city-of-london,City of London,municipality,https://london.ca/,https://london.ca/government/careers-city-london,,,,,,
mun-0336-township-of-madoc,Township of Madoc,municipality,https://madoc.ca/,https://madoc.ca/council/employment,,,,,,
mun-0103-municipality-of-magnetawan,Municipality of Magnetawan,municipality,https://magnetawan.com/,https://magnetawan.com/government/employment-opportunities,,,,,,
mun-0294-township-of-front-of-yonge,Township of Front of Yonge,municipality,https://mallorytown.ca/,https://mallorytown.ca/employment-opportunities/,,,,,,
mun-0339-township-of-mapleton,Township of Mapleton,municipality,https://mapleton.ca/,https://mapleton.ca/services/employment,,,,,,
mun-0104-municipality-of-markstay-warren,Municipality of Markstay-Warren,municipality,https://markstay-warren.ca/,https://markstay-warren.ca/opportunities/employment-opportunities,,,,,,
mun-0105-municipality-of-marmora-and-lake,Municipality of Marmora and Lake,municipality,https://marmoraandlake.ca/,https://marmoraandlake.ca/careers,,,,,,
fn-0506-marten-falls-first-nation,Marten Falls First Nation,first_nation,https://martenfalls.com/,https://martenfalls.com/job-postings/,,,,,,
mun-0341-township-of-mattawan,Township of Mattawan,municipality,https://mattawan.ca/,https://mattawan.ca/public-notices-2023/,,,,,,
fn-0518-mohawks-of-the-bay-of-quinte,Mohawks of the Bay of Quinte,first_nation,https://mbq-tmt.org/,https://mbq-tmt.org/job-opportunities/,,,,,,
fn-0457-bay-of-quinte-mohawk,Bay of Quinte Mohawk,first_nation,https://mbq-tmt.org/,https://mbq-tmt.org/job-opportunities/,,,,,,
mun-0344-township-of-mcgarry,Township of McGarry,municipality,https://mcgarry.ca/,https://mcgarry.ca/employment-opportunities,,,,,,
fn-0504-m-chigeeng-first-nation,M'Chigeeng First Nation,first_nation,https://mchigeeng.ca/,https://mchigeeng.ca/employment/,,,,,,
mun-0347-township-of-mcnab-braeside,Township of McNab-Braeside,municipality,https://mcnabbraeside.com/,https://mcnabbraeside.com/careers,,,,,,
mun-0348-township-of-melancthon,Township of Melancthon,municipality,https://melancthontownship.ca/,https://melancthontownship.ca/municipal-services/employment-opportunity,,,,,,
fn-0510-michipicoten,Michipicoten,first_nation,https://michipicoten.com/,https://michipicoten.com/aboriginal-job-opportunities,,,,,,
fn-0511-mishkeegogamang,Mishkeegogamang,first_nation,https://mishkeegogamang.ca/,https://mishkeegogamang.ca/services/education,,,,,,
fn-0516-mitaanjigamiing-first-nation,Mitaanjigamiing First Nation,first_nation,https://mitaanjigamiing.ca/,https://mitaanjigamiing.ca/jobs/,,,,,,
fn-0515-mississaugas-of-the-credit,Mississaugas of the Credit,first_nation,https://mncfn.ca/,https://mncfn.ca/departments/employment-training-2,,,,,,
mun-0108-municipality-of-morris-turnberry,Municipality of Morris-Turnberry,municipality,https://morristurnberry.ca/,https://morristurnberry.ca/government/employment,,,,,,
mun-0354-township-of-mulmur,Township of Mulmur,municipality,https://mulmur.ca/,https://mulmur.ca/work/employment,,,,,,
fn-0525-naicatchewenin,Naicatchewenin,first_nation,https://naicatcheweninfirstnation.ca/,https://naicatcheweninfirstnation.ca/employment,,,,,,
mun-0356-township-of-nairn-hyman,Township of Nairn & Hyman,municipality,https://nairncentre.ca/,https://nairncentre.ca/municipal-services/job-opportunities,,,,,,
mun-0127-municipality-of-the-nation,Municipality of The Nation,municipality,https://nationmun.ca/,https://nationmun.ca/conseil-et-employes/opportunites-demploi,,,,,,
fn-0527-neskantaga-first-nation,Neskantaga First Nation,first_nation,https://neskantaga.com/,https://neskantaga.com/employment,,,,,,
fn-0533-nipissing-first-nation,Nipissing First Nation,first_nation,https://nfn.ca/,https://nfn.ca/jobs,,,,,,
mun-0023-city-of-niagara-falls,City of Niagara Falls,municipality,https://niagarafalls.ca/,https://niagarafalls.wd10.myworkdayjobs.com/CNF,,,,,,
fn-0530-nigigoonsiminikaaning-first-nation,Nigigoonsiminikaaning First Nation,first_nation,https://nigigoonsiminikaaning.ca/,https://nigigoonsiminikaaning.ca/category/employment,,,,,,
mun-0024-city-of-north-bay,City of North Bay,municipality,https://northbay.ca/,https://northbay.ca/careers,,,,,,
mun-0063-county-of-northumberland,County of Northumberland,municipality,https://northumberland.ca/,https://northumberland.ca/county-government/careers,,,,,,
mun-0114-municipality-of-oliver-paipoonge,Municipality of Oliver Paipoonge,municipality,https://oliverpaipoonge.ca/,https://oliverpaipoonge.ca/municipal-office/employment,,,,,,
fn-0540-oneida-nation-of-the-thames,Oneida Nation of the Thames,first_nation,https://oneida.on.ca/,https://oneida.on.ca/employment/job-listings,,,,,,
fn-0539-oneida,Oneida,first_nation,https://oneida.on.ca/,https://oneida.on.ca/employment/job-listings/,,,,,,
mun-0025-city-of-orillia,City of Orillia,municipality,https://www.orillia.ca/en/index.aspx,https://orillia.hiringplatform.ca/list/careers,,,,,,
mun-0142-regional-municipality-of-peel,Regional Municipality of Peel,municipality,https://peelregion.ca/,https://peelregion.ca/about/careers-peel,,,,,,
mun-0214-town-of-petawawa,Town of Petawawa,municipality,https://petawawa.ca/,https://petawawa.ca/town-hall/employment-opportunities,,,,,,
mun-0377-township-of-pickle-lake,Township of Pickle Lake,municipality,https://picklelake.ca/,https://picklelake.ca/employment-opportunities/,,,,,,
mun-0378-township-of-plummer-additional,Township of Plummer Additional,municipality,https://plummertownship.ca/,https://plummertownship.ca/township-office/employment-opportunities,,,,,,
mun-0380-township-of-puslinch,Township of Puslinch,municipality,https://puslinch.ca/,https://puslinch.ca/doing-business/careers,,,,,,
fn-0545-rainy-river-first-nations,Rainy River First Nations,first_nation,https://rainyriverfirstnations.com/,https://rainyriverfirstnations.com/careers,,,,,,
mun-0157-town-of-caledon,Town of Caledon,municipality,https://www.caledon.ca/en/index.aspx,https://recruiting.ultipro.ca/COR5003CALED/JobBoard/55e2803a-385b-47b1-b911-51dd7ed81d1e?q=&o=postedDateDesc,,,,,,
mun-0059-county-of-lambton,County of Lambton,municipality,https://www.lambtononline.ca/en/index.aspx,https://recruiting.ultipro.ca/COR5004CLMB/JobBoard/6b014206-1003-40c3-98a0-b2340f1971da/?q=&o=postedDateDesc,,,,,,
mun-0008-city-of-chatham-kent,City of Chatham-Kent,municipality,https://www.chatham-kent.ca/Pages/default.aspx,https://recruiting.ultipro.ca/COR5101COMCH/JobBoard/99e5515b-9ffb-4d3b-a84e-95f953a5c0f2?q=&o=postedDateDesc,,,,,,
mun-0057-county-of-hastings,County of Hastings,municipality,https://www.hastingscounty.com/,https://recruiting.ultipro.ca/COR5104CCOH/JobBoard/3bc4a2fd-51ca-4ae2-a6c0-8aabfc0f6788/?q=&o=postedDateDesc,,,,,,
fn-0483-fort-severn,Fort Severn,first_nation,https://kochiefs.ca/first-nations/fort-severn,https://recruiting.ultipro.ca/KEE5000NCC/JobBoard/0f7cbf31-f68f-4b9a-a175-34c1162ee91c,,,,,,
fn-0495-keewaywin-first-nation,Keewaywin First Nation,first_nation,https://kochiefs.ca/first-nations/keewaywin,https://recruiting.ultipro.ca/KEE5000NCC/JobBoard/0f7cbf31-f68f-4b9a-a175-34c1162ee91c,,,,,,
fn-0509-mcdowell-lake,McDowell Lake,first_nation,https://kochiefs.ca/first-nations/mcdowell-lake,https://recruiting.ultipro.ca/KEE5000NCC/JobBoard/0f7cbf31-f68f-4b9a-a175-34c1162ee91c,,,,,,
fn-0544-poplar-hill,Poplar Hill,first_nation,https://kochiefs.ca/first-nations/poplar-hill,https://recruiting.ultipro.ca/KEE5000NCC/JobBoard/0f7cbf31-f68f-4b9a-a175-34c1162ee91c/?q=&o=postedDateDesc,,,,,,
mun-0382-township-of-red-rock,Township of Red Rock,municipality,https://redrocktownship.com/,https://redrocktownship.com/community/employment-opportunities,,,,,,
fn-0550-saugeen,Saugeen,first_nation,https://saugeenfirstnation.com/,https://saugeenfirstnation.com/employment-opportunities,,,,,,
mun-0036-city-of-sault-ste-marie,City of Sault Ste Marie,municipality,https://saultstemarie.ca/,https://saultstemarie.ca/live/fire-services/firefighter-recruitment,,,,,,
fn-0552-serpent-river,Serpent River,first_nation,https://serpentriverfn.com/,https://serpentriverfn.com/employment-opportunites/job_postings/ ,,,,,,
fn-0553-shawanaga-first-nation,Shawanaga First Nation,first_nation,https://shawanagafirstnation.ca/,https://shawanagafirstnation.ca/employment/,,,,,,
fn-0554-sheguiandah,Sheguiandah,first_nation,https://sheguiandahfn.ca/,https://sheguiandahfn.ca/employment,,,,,,
fn-0556-shoal-lake-no-40,Shoal Lake No.40,first_nation,https://shoallake40.ca/,https://shoallake40.ca/economic-development,,,,,,
mun-0068-county-of-simcoe,County of Simcoe,municipality,https://simcoe.ca/,https://simcoe.ca/residents/paramedic-services/careers,,,,,,
mun-0222-town-of-smooth-rock-falls,Town of Smooth Rock Falls,municipality,https://smoothrockfalls.ca/,https://smoothrockfalls.ca/living/employment,,,,,,
mun-0440-village-of-south-river,Village of South River,municipality,https://southriver.ca/en,https://southriver.ca/en/municipal-information/job-opportunities,,,,,,
mun-0124-municipality-of-st-charles,Municipality of St. Charles,municipality,https://stcharlesontario.ca/,https://stcharlesontario.ca/municipality/employment,,,,,,
mun-0403-township-of-st-joseph,Township of St. Joseph,municipality,https://stjosephtownship.com/,https://stjosephtownship.com/jobs,,,,,,
mun-0039-city-of-stratford,City of Stratford,municipality,https://www.stratford.ca/en/index.aspx,https://stratford.hiringplatform.ca/list/careers,,,,,,
mun-0408-township-of-tarbutt,Township of Tarbutt,municipality,https://tarbutt.ca/,https://tarbutt.ca/home/notices/,,,,,,
fn-0559-taykwa-tagamou-nation,Taykwa Tagamou Nation,first_nation,https://taykwatagamou.com/,https://taykwatagamou.com/about/careers,,,,,,
mun-0411-township-of-tehkummah,Township of Tehkummah,municipality,https://tehkummah.ca/,https://tehkummah.ca/notices/,,,,,,
fn-0560-teme-augama-anishinabek,Teme Augama Anishinabek,first_nation,https://temagamifirstnation.ca/,https://temagamifirstnation.ca/employment/,,,,,,
mun-0227-town-of-thessalon,Town of Thessalon,municipality,https://thessalon.ca/,https://thessalon.ca/council-and-government/employment-opportunities,,,,,,
mun-0215-town-of-petrolia,Town of Petrolia,municipality,https://town.petrolia.on.ca/,https://town.petrolia.on.ca/town-hall/employment,,,,,,
mun-0202-town-of-mono,Town of Mono,municipality,https://townofmono.com/,https://townofmono.com/jobs,,,,,,
mun-0306-township-of-hilliard,Township of Hilliard,municipality,https://townshipofhilliard.ca/,https://townshipofhilliard.ca/municipal-government/rfqs-and-rfps,,,,,,
mun-0353-township-of-morley,Township of Morley,municipality,https://townshipofmorley.ca/,https://townshipofmorley.ca/public-notices/,,,,,,
mun-0374-township-of-perry,Township of Perry,municipality,https://townshipofperry.ca/,https://townshipofperry.ca/employment-opportunities,,,,,,
mun-0375-township-of-perth-east,Township of Perth East,municipality,https://www.pertheast.ca/,https://townshipofpertheast.applytojob.com/apply,,,,,,
mun-0414-township-of-the-north-shore,Township of The North Shore,municipality,https://townshipofthenorthshore.ca/,https://townshipofthenorthshore.ca/governing/employment,,,,,,
mun-0433-united-townships-of-head-clara-maria,"United Townships of Head, Clara & Maria",municipality,https://townshipsofheadclaramaria.ca/,https://townshipsofheadclaramaria.ca/careers,,,,,,
mun-0416-township-of-tudor-cashel,Township of Tudor & Cashel,municipality,https://tudorandcashel.com/,https://tudorandcashel.com/council/tenders-rfqs-rfps-employment,,,,,,
mun-0417-township-of-tyendinaga,Township of Tyendinaga,municipality,https://tyendinagatownship.com/,https://tyendinagatownship.com/recreation-complex-sponsorship-advertising-opportunities,,,,,,
mun-0419-township-of-val-rita-harty,Township of Val Rita-Harty,municipality,https://valharty.ca/,https://valharty.ca/municipality/careers/,,,,,,
mun-0442-village-of-westport,Village of Westport,municipality,https://villageofwestport.ca/,https://villageofwestport.ca/employment-opportunities/,,,,,,
fn-0565-wabaseemoong-independent-nations,Wabaseemoong Independent Nations,first_nation,https://wabaseemoong.ca/,https://wabaseemoong.ca/news/job-opportunities,,,,,,
fn-0566-wabauskang-first-nation,Wabauskang First Nation,first_nation,https://wabauskangfirstnation.com/,https://wabauskangfirstnation.com/careers/,,,,,,
fn-0568-wahnapitae,Wahnapitae,first_nation,https://wahnapitaefn.ca/,https://wahnapitaefn.ca/notices/jobs/postings.html,,,,,,
fn-0569-wahta-mohawk,Wahta Mohawk,first_nation,https://wahtamohawks.com/,https://wahtamohawks.com/administration/employment/,,,,,,
fn-0573-wasauksing-first-nation,Wasauksing First Nation,first_nation,https://wasauksing.ca/,https://wasauksing.ca/employment-opportunities/,,,,,,
mun-0047-city-of-welland,City of Welland,municipality,https://www.welland.ca/,https://welland.myavanti.ca/careers,,,,,,
mun-0428-township-of-wollaston,Township of Wollaston,municipality,https://wollaston.ca/,https://wollaston.ca/township-hall/employment-opportunities,,,,,,
fn-0548-sagamok-anishnawbek,Sagamok Anishnawbek,first_nation,https://www.sagamokanishnawbek.com/,https://workforcenow.adp.com/mascsr/default/mdf/recruitment/recruitment.html?cid=2f8e846e-ba4e-4eb0-b528-bebc359be4c9&ccId=19000101_000001&lang=en_CA&selectedMenuKey=CurrentOpenings,,,,,,
mun-0035-city-of-sarnia,City of Sarnia,municipality,https://www.sarnia.ca/,https://workforcenow.adp.com/mascsr/default/mdf/recruitment/recruitment.html?cid=9ba4d624-1cab-4482-861f-900704c3df0d&ccId=19000101_000001&type=JS&lang=en_CA&selectedMenuKey=CareerCenter,,,,,,
mun-0150-town-of-aurora,Town of Aurora,municipality,https://www.aurora.ca/,https://workforcenow.adp.com/mascsr/default/mdf/recruitment/recruitment.html?cid=b1fead40-7a8c-4b14-87a0-dc031bab192d&ccId=19000101_000001&lang=en_CA,,,,,,
fn-0443-aamjiwnaang,Aamjiwnaang,first_nation,https://www.aamjiwnaang.ca/,https://www.aamjiwnaang.ca/employment-opportunities-4,,,,,,
mun-0233-township-of-adelaide-metcalfe,Township of Adelaide Metcalfe,municipality,https://www.adelaidemetcalfe.on.ca/,https://www.adelaidemetcalfe.on.ca/contact-us/employment,,,,,,
mun-0239-township-of-alnwick-haldimand,Township of Alnwick/Haldimand,municipality,https://www.ahtwp.ca/,https://www.ahtwp.ca/careers,,,,,,
mun-0147-town-of-ajax,Town of Ajax,municipality,https://www.ajax.ca/en/index.aspx,https://www.ajax.ca/en/inside-townhall/careers.aspx,,,,,,
fn-0538-ojibways-of-onigaming-first-nation,Ojibways of Onigaming First Nation,first_nation,https://www.akrc.on.ca/,https://www.akrc.on.ca/category/employment/,,,,,,
fn-0517-mohawks-of-akwesasne,Mohawks of Akwesasne,first_nation,https://www.akwesasne.ca/,https://www.akwesasne.ca/careers,,,,,,
mun-0237-township-of-alfred-plantagenet,Township of Alfred & Plantagenet,municipality,https://www.alfred-plantagenet.com/en,https://www.alfred-plantagenet.com/en/government-administration/job-postings-volunteering,,,,,,
mun-0238-township-of-algonquin-highlands,Township of Algonquin Highlands,municipality,https://www.algonquinhighlands.ca/,https://www.algonquinhighlands.ca/municipal-services/employment-and-volunteer-opportunities,,,,,,
fn-0446-algonquins-of-pikwakanagan-first-nation,Algonquins of Pikwakanagan First Nation,first_nation,https://www.algonquinsofpikwakanagan.com/,https://www.algonquinsofpikwakanagan.com/programs-services/human-resources/job-opportunities,,,,,,
mun-0240-township-of-amaranth,Township of Amaranth,municipality,https://www.amaranth.ca/,https://www.amaranth.ca/municipal-government/jobs,,,,,,
mun-0148-town-of-amherstburg,Town of Amherstburg,municipality,https://www.amherstburg.ca/,https://www.amherstburg.ca/careers,,,,,,
fn-0447-animakee-wa-zhing-37,Animakee Wa Zhing #37,first_nation,https://www.animakeewazhing37.com/,https://www.animakeewazhing37.com/windigo-island-2,,,,,,
mun-0244-township-of-asphodel-norwood,Township of Asphodel-Norwood,municipality,https://www.antownship.ca/,https://www.antownship.ca/careers,,,,,,
mun-0241-township-of-armour,Township of Armour,municipality,https://www.armourtownship.ca/,https://www.armourtownship.ca/employment-notices,,,,,,
mun-0242-township-of-armstrong,Township of Armstrong,municipality,https://www.armstrongtownship.com/en,https://www.armstrongtownship.com/en/municipal-services/opportunities,,,,,,
mun-0149-town-of-arnprior,Town of Arnprior,municipality,https://www.arnprior.ca/en/index.aspx,https://www.arnprior.ca/en/town-hall/job-postings.aspx,,,,,,
mun-0073-municipality-of-arran-elderslie,Municipality of Arran Elderslie,municipality,https://www.arran-elderslie.ca/,https://www.arran-elderslie.ca/government/council-and-administration/careers-and-volunteering,,,,,,
mun-0245-township-of-assiginack,Township of Assiginack,municipality,https://www.assiginack.ca/,https://www.assiginack.ca/administration/employment-opportunities,,,,,,
mun-0001-city-of-barrie,City of Barrie,municipality,https://www.barrie.ca/,https://www.barrie.ca/government-news/employment-opportunities,,,,,,
mun-0074-municipality-of-bayham,Municipality of Bayham,municipality,https://www.bayham.on.ca/,https://www.bayham.on.ca/municipal-office/career-opportunities,,,,,,
mun-0002-city-of-belleville,City of Belleville,municipality,https://www.belleville.ca/en/index.aspx,https://www.belleville.ca/en/city-hall/employmentopportunities.aspx,,,,,,
fn-0450-anishnaabeg-of-naongashiing,Anishnaabeg of Naongashiing,first_nation,https://www.bigisland.ca/ ,https://www.bigisland.ca/jobs-newsletters ,,,,,,
mun-0075-municipality-of-billings,Municipality of Billings,municipality,https://www.billingstwp.ca/,https://www.billingstwp.ca/townhall/careers,,,,,,
mun-0252-township-of-blandford-blenheim,Township of Blandford Blenheim,municipality,https://www.blandfordblenheim.ca/,https://www.blandfordblenheim.ca/business-and-employment/employment-opportunities,,,,,,
mun-0153-town-of-blind-river,Town of Blind River,municipality,https://www.blindriver.ca/,https://www.blindriver.ca/town-hall/careers,,,,,,
mun-0253-township-of-bonfield,Township of Bonfield,municipality,https://www.bonfieldtownship.com/,https://www.bonfieldtownship.com/employment,,,,,,
mun-0254-township-of-bonnechere-valley,Township of Bonnechere Valley,municipality,https://www.bonnecherevalleytwp.com/,https://www.bonnecherevalleytwp.com/careers,,,,,,
mun-0154-town-of-bracebridge,Town of Bracebridge,municipality,https://www.bracebridge.ca/,https://www.bracebridge.ca/careers,,,,,,
mun-0003-city-of-brampton,City of Brampton,municipality,https://www.brampton.ca/EN/pages/Welcome.aspx,https://www.brampton.ca/en/City-Hall/Employment,,,,,,
mun-0004-city-of-brantford,City of Brantford,municipality,https://www.brantford.ca/en/index.aspx,https://www.brantford.ca/en/your-government/careers.aspx,,,,,,
mun-0077-municipality-of-brighton,Municipality of Brighton,municipality,https://www.brighton.ca/en/index.aspx#,https://www.brighton.ca/en/municipal-services/current-job-opportunities.aspx,,,,,,
mun-0078-municipality-of-brockton,Municipality of Brockton,municipality,https://www.brockton.ca/,https://www.brockton.ca/careers,,,,,,
mun-0051-county-of-bruce,County of Bruce,municipality,https://www.brucecounty.on.ca/,https://www.brucecounty.on.ca/employment,,,,,,
mun-0434-village-of-burk-s-falls,Village of Burk's Falls,municipality,https://www.burksfalls.net/,https://www.burksfalls.net/townhall/employment-opportunities,,,,,,
mun-0006-city-of-burlington,City of Burlington,municipality,https://www.burlington.ca/en/index.aspx,https://www.burlington.ca/en/council-and-city-administration/careers.aspx,,,,,,
mun-0257-township-of-burpee-mills,Township of Burpee & Mills,municipality,https://www.burpeemills.com/,https://www.burpeemills.com/municipality/employment-opportunity/,,,,,,
fn-0465-caldwell,Caldwell,first_nation,https://www.caldwellfirstnation.ca/,https://www.caldwellfirstnation.ca/employment--training.html,,,,,,
mun-0258-township-of-calvin,Township of Calvin,municipality,https://www.calvintownship.ca/en,https://www.calvintownship.ca/en/municipal-services/employment-opportunities,,,,,,
mun-0007-city-of-cambridge,City of Cambridge,municipality,https://www.cambridge.ca/en/index.aspx,https://www.cambridge.ca/en/your-city/Careers.aspx,,,,,,
mun-0081-municipality-of-casselman,Municipality of Casselman,municipality,https://www.casselman.ca/,https://www.casselman.ca/en/my-municipality/administration/careers-2,,,,,,
mun-0262-township-of-cavan-monaghan,Township of Cavan Monaghan,municipality,https://www.cavanmonaghan.net/,https://www.cavanmonaghan.net/things-to-do/employment-opportunities,,,,,,
mun-0082-municipality-of-central-elgin,Municipality of Central Elgin,municipality,https://www.centralelgin.org/en/index.aspx,https://www.centralelgin.org/en/municipal-office/career.aspx,,,,,,
mun-0263-township-of-central-frontenac,Township of Central Frontenac,municipality,https://www.centralfrontenac.com/en/index.aspx,https://www.centralfrontenac.com/en/township-office/employment-and-volunteering.aspx?_mid_=19049,,,,,,
mun-0083-municipality-of-central-huron,Municipality of Central Huron,municipality,https://www.centralhuron.ca/en/index.aspx,https://www.centralhuron.ca/en/your-municipal-government/careers-and-volunteer-opportunities.aspx,,,,,,
mun-0084-municipality-of-central-manitoulin,Municipality of Central Manitoulin,municipality,https://www.centralmanitoulin.ca/,https://www.centralmanitoulin.ca/careers,,,,,,
mun-0085-municipality-of-centre-hastings,Municipality of Centre Hastings,municipality,https://www.centrehastings.com/,https://www.centrehastings.com/our-municipality/careers/,,,,,,
mun-0264-township-of-centre-wellington,Township of Centre Wellington,municipality,https://www.centrewellington.ca/,https://www.centrewellington.ca/employment,,,,,,
mun-0266-township-of-champlain,Township of Champlain,municipality,https://www.champlain.ca/en/index.aspx,https://www.champlain.ca/en/township-services/careers-and-volunteering.aspx,,,,,,
mun-0086-municipality-of-charlton-and-dack,Municipality of Charlton and Dack,municipality,https://www.charltonanddack.com/,https://www.charltonanddack.com/job-opportunities,,,,,,
mun-0270-township-of-chisholm,Township of Chisholm,municipality,https://www.chisholm.ca/en,https://www.chisholm.ca/en/your-government/employment-opportunity-1,,,,,,
mun-0018-city-of-kingston,City of Kingston,municipality,https://www.cityofkingston.ca/,https://www.cityofkingston.ca/careers-and-volunteering/career-opportunities,,,,,,
mun-0048-city-of-windsor,City of Windsor,municipality,https://www.citywindsor.ca/,https://www.citywindsor.ca/careers,,,,,,
mun-0009-city-of-clarence-rockland,City of Clarence-Rockland,municipality,https://www.clarence-rockland.com/language?destination=/node/1,https://www.clarence-rockland.com/en/building-business/bidding-opportunities,,,,,,
mun-0087-municipality-of-clarington,Municipality of Clarington,municipality,https://www.clarington.net/,https://www.clarington.net/careers,,,,,,
mun-0271-township-of-clearview,Township of Clearview,municipality,https://www.clearview.ca/,https://www.clearview.ca/news-events-meetings/employment-opportunities,,,,,,
mun-0160-town-of-cobourg,Town of Cobourg,municipality,https://www.cobourg.ca/,https://www.cobourg.ca/our-government/jobs/,,,,,,
mun-0273-township-of-coleman,Township of Coleman,municipality,https://www.colemantownship.ca/,https://www.colemantownship.ca/township_hall/employment_opportunities,,,,,,
mun-0162-town-of-collingwood,Town of Collingwood,municipality,https://www.collingwood.ca/,https://www.collingwood.ca/governance-engagement/careers-employment,,,,,,
mun-0274-township-of-conmee,Township of Conmee,municipality,https://www.conmee.com/,https://www.conmee.com/p/employment,,,,,,
mun-0010-city-of-cornwall,City of Cornwall,municipality,https://www.cornwall.ca/en/index.aspx,https://www.cornwall.ca/en/city-hall/careers.aspx,,,,,,
fn-0475-couchiching-first-nation,Couchiching First Nation,first_nation,https://www.couchichingfirstnation.com/,https://www.couchichingfirstnation.com/employment,,,,,,
mun-0054-county-of-essex,County of Essex,municipality,https://www.countyofessex.ca/,https://www.countyofessex.ca/careers,,,,,,
mun-0067-county-of-renfrew,County of Renfrew,municipality,https://www.countyofrenfrew.on.ca/en/index.aspx,https://www.countyofrenfrew.on.ca/en/business-and-development/leasing-opportunities.aspx,,,,,,
mun-0275-township-of-cramahe,Township of Cramahe,municipality,https://www.cramahe.ca/,https://www.cramahe.ca/municipal-government/careers,,,,,,
mun-0163-town-of-deep-river,Town of Deep River,municipality,https://www.deepriver.ca/,https://www.deepriver.ca/careers,,,,,,
mun-0164-town-of-deseronto,Town of Deseronto,municipality,https://www.deseronto.ca/,https://www.deseronto.ca/residents/employment-opportunities,,,,,,
mun-0280-township-of-drummond-north-elmsley,Township of Drummond-North Elmsley,municipality,https://www.dnetownship.ca/,https://www.dnetownship.ca/township-services/employment ,,,,,,
mun-0279-township-of-douro-dummer,Township of Douro-Dummer,municipality,https://www.dourodummer.ca/,https://www.dourodummer.ca/news/posts/employment-opportunity-administrative-assistant-fire-and-emergency-services-closed,,,,,,
mun-0011-city-of-dryden,City of Dryden,municipality,https://www.dryden.ca/,https://www.dryden.ca/careers,,,,,,
mun-0052-county-of-dufferin,County of Dufferin,municipality,https://www.dufferincounty.ca/,https://www.dufferincounty.ca/dufferin-county-procurement,,,,,,
mun-0139-regional-municipality-of-durham,Regional Municipality of Durham,municipality,https://www.durham.ca/en/index.aspx,https://www.durham.ca/en/regional-government/careers-and-volunteering.aspx,,,,,,
mun-0088-municipality-of-dutton-dunwich,Municipality of Dutton/Dunwich,municipality,https://www.duttondunwich.on.ca/,https://www.duttondunwich.on.ca/municipal-services/employment-opportunities,,,,,,
mun-0089-municipality-of-dysart-et-al,Municipality of Dysart et al,municipality,https://www.dysartetal.ca/,https://www.dysartetal.ca/municipal-government/careers,,,,,,
mun-0283-township-of-east-garafraxa,Township of East Garafraxa,municipality,https://www.eastgarafraxa.ca/,https://www.eastgarafraxa.ca/business-and-development/bid-opportunities,,,,,,
mun-0165-town-of-east-gwillimbury,Town of East Gwillimbury,municipality,https://www.eastgwillimbury.ca/en/index.aspx,https://www.eastgwillimbury.ca/en/living-in-eg/careers.aspx,,,,,,
mun-0284-township-of-east-hawkesbury,Township of East Hawkesbury,municipality,https://www.easthawkesbury.ca/,https://www.easthawkesbury.ca/en/living-here/fire-and-emergency-services/recruitment,,,,,,
mun-0287-township-of-elizabethtown-kitley,Township of Elizabethtown - Kitley,municipality,https://www.ektwp.ca/,https://www.ektwp.ca/town-hall/employment-opportunities,,,,,,
mun-0053-county-of-elgin,County of Elgin,municipality,https://www.elgincounty.ca/,https://www.elgincounty.ca/living-here/careers,,,,,,
mun-0012-city-of-elliot-lake,City of Elliot Lake,municipality,https://www.elliotlake.ca/en/index.aspx,https://www.elliotlake.ca/en/city-hall/jobs.aspx,,,,,,
mun-0166-town-of-englehart,Town of Englehart,municipality,https://www.englehart.ca/,https://www.englehart.ca/p/employment-opportunities-with-the-town-of-englehart,,,,,,
mun-0289-township-of-enniskillen,Township of Enniskillen,municipality,https://www.enniskillen.ca/,https://www.enniskillen.ca/category/notices/,,,,,,
mun-0167-town-of-erin,Town of Erin,municipality,https://www.erin.ca/,https://www.erin.ca/careers,,,,,,
mun-0168-town-of-espanola,Town of Espanola,municipality,https://www.espanola.ca/,https://www.espanola.ca/town-government/news-and-notices/articles/~466-Summer-Student-Employment-Opportunities---Public-Works-Department,,,,,,
mun-0290-township-of-essa,Township of Essa,municipality,https://www.essatownship.on.ca/,https://www.essatownship.on.ca/business-employment,,,,,,
mun-0169-town-of-essex,Town of Essex,municipality,https://www.essex.ca/en/index.aspx,https://www.essex.ca/en/town-hall/employment.aspx?_mid_=4017,,,,,,
mun-0285-township-of-east-zorra-tavistock,Township of East Zorra-Tavistock,municipality,https://www.ezt.ca/,https://www.ezt.ca/township-office/careers,,,,,,
mun-0293-township-of-fauquier-strickland,Township of Fauquier-Strickland,municipality,https://www.fauquierstrickland.com/en/accueil,https://www.fauquierstrickland.com/en/administration/opportunites-demploi,,,,,,
mun-0170-town-of-fort-erie,Town of Fort Erie,municipality,https://www.forterie.ca/,https://www.forterie.ca/jobs,,,,,,
mun-0091-municipality-of-french-river,Municipality of French River,municipality,https://www.frenchriver.ca/,https://www.frenchriver.ca/p/employment-opportunities-,,,,,,
mun-0070-frontenac,Frontenac,municipality,https://www.frontenaccounty.ca/en/index.aspx,https://www.frontenaccounty.ca/en/government/careers.aspx,,,,,,
mun-0295-township-of-frontenac-islands,Township of Frontenac Islands,municipality,https://www.frontenacislands.ca/en/index.aspx,https://www.frontenacislands.ca/en/municipal-government/careers.aspx,,,,,,
fn-0485-gakijiwanong-anishinaabe-nation,Gakijiwanong Anishinaabe Nation,first_nation,https://www.gakijiwanong.ca/,https://www.gakijiwanong.ca/aakwiinowin-employment,,,,,,
mun-0172-town-of-gananoque,Town of Gananoque,municipality,https://www.gananoque.ca/,https://www.gananoque.ca/town-hall/human-resources/employment-opportunities,,,,,,
fn-0486-garden-river-first-nation,Garden River First Nation,first_nation,https://www.gardenriver.org/site/,https://www.gardenriver.org/site/category/employment/,,,,,,
mun-0297-township-of-georgian-bay,Township of Georgian Bay,municipality,https://www.gbtownship.ca/en/index.aspx,https://www.gbtownship.ca/en/township-hall/employment.aspx,,,,,,
mun-0298-township-of-georgian-bluffs,Township of Georgian Bluffs,municipality,https://www.georgianbluffs.ca/,https://www.georgianbluffs.ca/careers,,,,,,
mun-0173-town-of-georgina,Town of Georgina,municipality,https://www.georgina.ca/,https://www.georgina.ca/municipal-government/careers,,,,,,
mun-0301-township-of-guelph-eramosa,Township of Guelph-Eramosa,municipality,https://www.get.on.ca/,https://www.get.on.ca/township-services/employment,,,,,,
mun-0299-township-of-gillies,Township of Gillies,municipality,https://www.gilliestownship.com/en/index.aspx,https://www.gilliestownship.com/en/our-government/careers.aspx,,,,,,
fn-0487-ginoogaming-first-nation,Ginoogaming First Nation,first_nation,https://www.ginoogamingfn.ca/,https://www.ginoogamingfn.ca/job/,,,,,,
mun-0174-town-of-goderich,Town of Goderich,municipality,https://www.goderich.ca/en/index.aspx,https://www.goderich.ca/en/town-hall-and-services/town-employment.aspx,,,,,,
mun-0092-municipality-of-gordon-barrie-island,Municipality of Gordon/Barrie Island,municipality,https://www.gordonbarrieisland.ca/,https://www.gordonbarrieisland.ca/jobs,,,,,,
mun-0175-town-of-gore-bay,Town of Gore Bay,municipality,https://www.gorebay.ca/,https://www.gorebay.ca/our-government/career-opportunities,,,,,,
mun-0177-town-of-gravenhurst,Town of Gravenhurst,municipality,https://www.gravenhurst.ca/,https://www.gravenhurst.ca/jobs,,,,,,
mun-0300-township-of-greater-madawaska,Township of Greater Madawaska,municipality,https://www.greatermadawaska.com/,https://www.greatermadawaska.com/township/careers,,,,,,
mun-0178-town-of-greater-napanee,Town of Greater Napanee,municipality,https://www.greaternapanee.com/,https://www.greaternapanee.com/careers,,,,,,
mun-0013-city-of-greater-sudbury,City of Greater Sudbury,municipality,https://www.greatersudbury.ca/,https://www.greatersudbury.ca/city-hall/jobs-at-the-city,,,,,,
mun-0093-municipality-of-greenstone,Municipality of Greenstone,municipality,https://www.greenstone.ca/,https://www.greenstone.ca/our-government/careers,,,,,,
mun-0055-county-of-grey,County of Grey,municipality,https://www.grey.ca/,https://www.grey.ca/government/careers,,,,,,
mun-0094-municipality-of-grey-highlands,Municipality of Grey Highlands,municipality,https://www.greyhighlands.ca/,https://www.greyhighlands.ca/careers,,,,,,
mun-0179-town-of-grimsby,Town of Grimsby,municipality,https://www.grimsby.ca/,https://www.grimsby.ca/careers,,,,,,
fn-0489-gull-bay,Gull Bay,first_nation,https://www.gullbayfirstnation.com/,https://www.gullbayfirstnation.com/employment-opportunities/,,,,,,
mun-0071-haldimand-county,Haldimand County,municipality,https://www.haldimandcounty.ca/,https://www.haldimandcounty.ca/careers,,,,,,
mun-0056-county-of-haliburton,County of Haliburton,municipality,https://www.haliburtoncounty.ca/en/index.aspx,https://www.haliburtoncounty.ca/en/county-office/careers.aspx,,,,,,
mun-0180-town-of-halton-hills,Town of Halton Hills,municipality,https://www.haltonhills.ca/en/index.aspx,https://www.haltonhills.ca/en/your-government/careers.aspx,,,,,,
mun-0015-city-of-hamilton,City of Hamilton,municipality,https://www.hamilton.ca/,https://www.hamilton.ca/city-council/jobs-city,,,,,,
mun-0302-township-of-hamilton,Township of Hamilton,municipality,https://www.hamiltontownship.ca/,https://www.hamiltontownship.ca/careers,,,,,,
mun-0181-town-of-hanover,Town of Hanover,municipality,https://www.hanover.ca/,https://www.hanover.ca/council-government/careers,,,,,,
mun-0095-municipality-of-hastings-highlands,Municipality of Hastings Highlands,municipality,https://www.hastingshighlands.ca/,https://www.hastingshighlands.ca/living-here/careers-and-volunteering,,,,,,
mun-0182-town-of-hawkesbury,Town of Hawkesbury,municipality,https://www.hawkesbury.ca/,https://www.hawkesbury.ca/careers,,,,,,
mun-0305-township-of-havelock-belmont-methuen,Township of Havelock-Belmont-Methuen,municipality,https://www.hbmtwp.ca/,https://www.hbmtwp.ca/township-services/careers-and-volunteering,,,,,,
mun-0183-town-of-hearst,Town of Hearst,municipality,https://www.hearst.ca/en/,https://www.hearst.ca/en/town-hall/administration/employment-offers/,,,,,,
fn-0491-hiawatha-first-nation,Hiawatha First Nation,first_nation,https://www.hiawathafirstnation.com/,https://www.hiawathafirstnation.com/services-departments/employment,,,,,,
fn-0490-henvey-inlet-first-nation,Henvey Inlet First Nation,first_nation,https://www.hifn.ca/,https://www.hifn.ca/announcements/job-postings/862-employment-opportunity-early-childhood-education-worker-re-posted.html,,,,,,
mun-0096-municipality-of-highlands-east,Municipality of Highlands East,municipality,https://www.highlandseast.ca/en/index.aspx,https://www.highlandseast.ca/en/municipal-services/careers.aspx,,,,,,
mun-0307-township-of-hilton,Township of Hilton,municipality,https://www.hiltontownship.ca/,https://www.hiltontownship.ca/job-postings/,,,,,,
mun-0309-township-of-horton,Township of Horton,municipality,https://www.hortontownship.ca/,https://www.hortontownship.ca/careers,,,,,,
mun-0310-township-of-howick,Township of Howick,municipality,https://www.howick.ca/,https://www.howick.ca/township-services/employment-opportunities-in-howick,,,,,,
mun-0184-town-of-huntsville,Town of Huntsville,municipality,https://www.huntsville.ca/,https://www.huntsville.ca/news/careers/,,,,,,
mun-0058-county-of-huron,County of Huron,municipality,https://www.huroncounty.ca/,https://www.huroncounty.ca/jobs,,,,,,
mun-0097-municipality-of-huron-east,Municipality of Huron East,municipality,https://www.huroneast.com/,https://www.huroneast.com/employment,,,,,,
mun-0312-township-of-huron-kinloss,Township of Huron-Kinloss,municipality,https://www.huronkinloss.com/,https://www.huronkinloss.com/careers,,,,,,
fn-0497-kitchenuhmaykoosib-inninuwug,Kitchenuhmaykoosib Inninuwug,first_nation,https://ifna.ca/communities,https://www.ifna.ca/careers,,,,,,
fn-0524-muskrat-dam-lake,Muskrat Dam Lake,first_nation,https://ifna.ca/communities,https://www.ifna.ca/careers,,,,,,
fn-0543-pikangikum,Pikangikum,first_nation,https://ifna.ca/communities,https://www.ifna.ca/careers,,,,,,
mun-0313-township-of-ignace,Township of Ignace,municipality,https://www.ignace.ca/,https://www.ignace.ca/town-hall/jobs-opportunities/jobs,,,,,,
mun-0185-town-of-ingersoll,Town of Ingersoll,municipality,https://www.ingersoll.ca/,https://www.ingersoll.ca/town-hall/employment-opportunities,,,,,,
mun-0187-town-of-iroquois-falls,Town of Iroquois Falls,municipality,https://www.iroquoisfalls.com/,https://www.iroquoisfalls.com/council-administration/careers,,,,,,
mun-0431-united-counties-of-prescott-and-russell,United Counties of Prescott and Russell,municipality,https://www.prescott-russell.on.ca/,https://www.jobillico.com/en/employers/prescott-russell.mVraTu/view-all-jobs,,,,,,
mun-0188-town-of-kapuskasing,Town of Kapuskasing,municipality,https://www.kapuskasing.ca/,https://www.kapuskasing.ca/council-administration/employment-opportunities,,,,,,
mun-0016-city-of-kawartha-lakes,City of Kawartha Lakes,municipality,https://www.kawarthalakes.ca/,https://www.kawarthalakes.ca/careers,,,,,,
mun-0017-city-of-kenora,City of Kenora,municipality,https://www.kenora.ca/,https://www.kenora.ca/jobs,,,,,,
mun-0319-township-of-killaloe-hagarty-richards,"Township of Killaloe, Hagarty & Richards",municipality,https://www.killaloe-hagarty-richards.ca/,https://www.killaloe-hagarty-richards.ca/local-websites/khr-fire-department/job-descriptions,,,,,,
mun-0100-municipality-of-kincardine,Municipality of Kincardine,municipality,https://www.kincardine.ca/,https://www.kincardine.ca/our-services/careers/,,,,,,
mun-0320-township-of-king,Township of King,municipality,https://www.king.ca/,https://www.king.ca/employment,,,,,,
mun-0190-town-of-kingsville,Town of Kingsville,municipality,https://www.kingsville.ca/,https://www.kingsville.ca/local-government/work-here,,,,,,
mun-0191-town-of-kirkland-lake,Town of Kirkland Lake,municipality,https://www.kirklandlake.ca/,https://www.kirklandlake.ca/cms/one.aspx?pageId=15765159,,,,,,
fn-0499-lac-des-mille-lacs,Lac Des Mille Lacs,first_nation,https://lacdesmillelacsfirstnation.ca/,https://www.lacdesmillelacsfirstnation.ca/pages/view/employment-opportunities,,,,,,
mun-0323-township-of-lake-of-bays,Township of Lake of Bays,municipality,https://www.lakeofbays.on.ca/,https://www.lakeofbays.on.ca/municipal-services/employment,,,,,,
mun-0324-township-of-lake-of-the-woods,Township of Lake of the Woods,municipality,https://www.lakeofthewoods.ca/,https://www.lakeofthewoods.ca/,,,,,,
mun-0192-town-of-lakeshore,Town of Lakeshore,municipality,https://www.lakeshore.ca/,https://www.lakeshore.ca/careers,,,,,,
mun-0101-municipality-of-lambton-shores,Municipality of Lambton Shores,municipality,https://www.lambtonshores.ca/,https://www.lambtonshores.ca/our-government/careers,,,,,,
mun-0060-county-of-lanark,County of Lanark,municipality,https://www.lanarkcounty.ca/,https://www.lanarkcounty.ca/working/careers/,,,,,,
mun-0325-township-of-lanark-highlands,Township of Lanark Highlands,municipality,https://www.lanarkhighlands.ca/,https://www.lanarkhighlands.ca/lh-town-hall/tenders-employment-opportunities/employment,,,,,,
mun-0326-township-of-larder-lake,Township of Larder Lake,municipality,https://www.larderlake.ca/,https://www.larderlake.ca/municipal-services/careers,,,,,,
mun-0193-town-of-lasalle,Town of LaSalle,municipality,https://www.lasalle.ca/,https://www.lasalle.ca/careers,,,,,,
mun-0194-town-of-latchford,Town of Latchford,municipality,https://www.latchford.ca/,https://www.latchford.ca/employment-opportunity,,,,,,
mun-0195-town-of-laurentian-hills,Town of Laurentian Hills,municipality,https://www.laurentianhills.ca/,https://www.laurentianhills.ca/careers,,,,,,
mun-0102-municipality-of-leamington,Municipality of Leamington,municipality,https://www.leamington.ca/en/index.aspx,https://www.leamington.ca/en/municipal-services/careers.aspx?_mid_=5301,,,,,,
mun-0328-township-of-leeds-the-thousand-islands,Township of Leeds & the Thousand Islands,municipality,https://www.leeds1000islands.ca/,https://www.leeds1000islands.ca/township-government/careers,,,,,,
mun-0072-leeds-grenville,Leeds & Grenville,municipality,https://www.leedsgrenville.com/en/index.aspx,https://www.leedsgrenville.com/en/government/careers.aspx,,,,,,
mun-0196-town-of-lincoln,Town of Lincoln,municipality,https://www.lincoln.ca/,https://www.lincoln.ca/careers-volunteering,,,,,,
fn-0501-long-lake-no-58-first-nation,Long Lake No.58 First Nation,first_nation,https://www.longlake58fn.ca/,https://www.longlake58fn.ca/employment,,,,,,
mun-0330-township-of-loyalist,Township of Loyalist,municipality,https://www.loyalist.ca/,https://www.loyalist.ca/careers,,,,,,
mun-0331-township-of-lucan-biddulph,Township of Lucan Biddulph,municipality,https://www.lucanbiddulph.on.ca/,https://www.lucanbiddulph.on.ca/careers,,,,,,
mun-0327-township-of-laurentian-valley,Township of Laurentian Valley,municipality,https://www.lvtownship.ca/en/index.aspx,https://www.lvtownship.ca/en/lv-government-services/careers.aspx,,,,,,
mun-0335-township-of-madawaska-valley,Township of Madawaska Valley,municipality,https://www.madawaskavalley.ca/,https://www.madawaskavalley.ca/your-local-government/employment-opportunities,,,,,,
fn-0505-magnetawan,Magnetawan,first_nation,https://www.magfn.com/,https://www.magfn.com/,,,,,,
mun-0337-township-of-malahide,Township of Malahide,municipality,https://www.malahide.ca/en/index.aspx,https://www.malahide.ca/Modules/News/en?CategoryNames=Jobs+and+Volunteer+Opportunities&datepicker-month-select=1&datepicker-year-select=2026&datepicker-month-select=1&datepicker-year-select=2026&TagWhiteList=,,,,,,
mun-0338-township-of-manitouwadge,Township of Manitouwadge,municipality,https://www.manitouwadge.ca/,https://www.manitouwadge.ca/residents/job-bank,,,,,,
mun-0197-town-of-marathon,Town of Marathon,municipality,https://www.marathon.ca/,https://www.marathon.ca/town-hall/careers,,,,,,
mun-0021-city-of-markham,City of Markham,municipality,https://www.markham.ca/,https://www.markham.ca/about-city-markham/employment/working-the-city,,,,,,
mun-0340-township-of-matachewan,Township of Matachewan,municipality,https://www.matachewan.com/,https://www.matachewan.com/jobs/,,,,,,
fn-0507-matachewan,Matachewan,first_nation,https://www.matachewanfirstnation.com/,https://www.matachewanfirstnation.com/education,,,,,,
mun-0198-town-of-mattawa,Town of Mattawa,municipality,https://www.mattawa.ca/en,https://www.mattawa.ca/en/your-government/employment-opportunities,,,,,,
mun-0342-township-of-mattice-val-cote,Township of Mattice-Val Cote,municipality,https://www.matticevalcote.ca/,https://www.matticevalcote.ca/en/avis-publics,,,,,,
mun-0343-township-of-mcdougall,Township of McDougall,municipality,https://www.mcdougall.ca/,https://www.mcdougall.ca/p/employment-opportunities,,,,,,
mun-0345-township-of-mckellar,Township of McKellar,municipality,https://www.mckellar.ca/en/index.aspx,https://www.mckellar.ca/en/township-services/job-postings.aspx,,,,,,
mun-0346-township-of-mcmurrich-monteith,Township of McMurrich/Monteith,municipality,https://www.mcmurrichmonteith.com/,https://www.mcmurrichmonteith.com/opportunities,,,,,,
mun-0106-municipality-of-meaford,Municipality of Meaford,municipality,https://www.meaford.ca/en/index.aspx,https://www.meaford.ca/en/our-government/careers.aspx,,,,,,
mun-0436-village-of-merrickville-wolford,Village of Merrickville-Wolford,municipality,https://www.merrickville-wolford.ca/,https://www.merrickville-wolford.ca/governance/career-opportunities,,,,,,
mun-0062-county-of-middlesex,County of Middlesex,municipality,https://www.middlesex.ca/,https://www.middlesex.ca/departments/human-resources/job-opportunities,,,,,,
mun-0349-township-of-middlesex-centre,Township of Middlesex Centre,municipality,https://www.middlesexcentre.ca/,https://www.middlesexcentre.ca/town-hall/careers,,,,,,
mun-0199-town-of-midland,Town of Midland,municipality,https://www.midland.ca/,https://www.midland.ca/careers,,,,,,
mun-0200-town-of-milton,Town of Milton,municipality,https://www.milton.ca/en/index.aspx,https://www.milton.ca/en/town-hall/employment.aspx,,,,,,
mun-0350-township-of-minden-hills,Township of Minden Hills,municipality,https://www.mindenhills.ca/,https://www.mindenhills.ca/building-planning/bid-opportunities,,,,,,
fn-0512-missanabie-cree,Missanabie Cree,first_nation,https://www.missanabiecreefn.com/,https://www.missanabiecreefn.com/single-post/plato-recruitment,,,,,,
mun-0022-city-of-mississauga,City of Mississauga,municipality,https://www.mississauga.ca/,https://www.mississauga.ca/our-organization/jobs-and-volunteer,,,,,,
fn-0513-mississauga,Mississauga,first_nation,https://www.mississaugi.com/,https://www.mississaugi.com/employment,,,,,,
mun-0107-municipality-of-mississippi-mills,Municipality of Mississippi Mills,municipality,https://www.mississippimills.ca/,https://www.mississippimills.ca/jobs,,,,,,
mun-0351-township-of-montague,Township of Montague,municipality,https://www.montaguetownship.ca/,https://www.montaguetownship.ca/government/media-centre/employment-opportunities,,,,,,
mun-0352-township-of-moonbeam,Township of Moonbeam,municipality,https://www.moonbeam.ca/en/accueil,https://www.moonbeam.ca/municipalite/carrieres,,,,,,
fn-0519-moose-cree-first-nation,Moose Cree First Nation,first_nation,https://www.moosecree.com/,https://www.moosecree.com/careers/,,,,,,
mun-0203-town-of-moosonee,Town of Moosonee,municipality,https://www.moosonee.ca/,https://www.moosonee.ca/#:~:text=CAREER%20OPPORTUNITIES,,,,,,
mun-0076-municipality-of-bluewater,Municipality of Bluewater,municipality,https://www.municipalityofbluewater.ca/,https://www.municipalityofbluewater.ca/municipal-office/careers,,,,,,
mun-0099-municipality-of-killarney,Municipality of Killarney,municipality,https://www.municipalityofkillarney.ca/,https://www.municipalityofkillarney.ca/municipal-services/job-opportunities,,,,,,
mun-0146-the-district-of-muskoka,The District of Muskoka,municipality,https://www.muskoka.on.ca/en/index.aspx,https://www.muskoka.on.ca/en/careers-and-volunteering/careers-and-volunteering-directory.aspx,,,,,,
mun-0355-township-of-muskoka-lakes,Township of Muskoka Lakes,municipality,https://www.muskokalakes.ca/,https://www.muskokalakes.ca/township-hall/careers,,,,,,
mun-0080-municipality-of-callander,Municipality of Callander,municipality,https://www.mycallander.ca/,https://www.mycallander.ca/en/local-government/careers,,,,,,
fn-0471-chippewas-of-nawash-first-nation,Chippewas of Nawash First Nation,first_nation,https://www.nawash.ca/,https://www.nawash.ca/employment,,,,,,
mun-0109-municipality-of-neebing,Municipality of Neebing,municipality,https://www.neebing.org/,https://www.neebing.org/careers,,,,,,
mun-0205-town-of-newmarket,Town of Newmarket,municipality,https://www.newmarket.ca/,https://www.newmarket.ca/jobs,,,,,,
mun-0204-town-of-new-tecumseth,Town of New Tecumseth,municipality,https://www.newtecumseth.ca/en/index.aspx,https://www.newtecumseth.ca/en/town-hall/employment-and-volunteering.aspx,,,,,,
mun-0141-regional-municipality-of-niagara,Regional Municipality of Niagara,municipality,https://www.niagararegion.ca/,https://www.niagararegion.ca/careers,,,,,,
fn-0532-niisaachewan-anishinaabe-nation,Niisaachewan Anishinaabe Nation,first_nation,https://www.niisaachewan.ca/,https://www.niisaachewan.ca/careers,,,,,,
mun-0357-township-of-nipigon,Township of Nipigon,municipality,https://www.nipigon.net/,https://www.nipigon.net/invest-grow/business-development/employment-opportunities,,,,,,
mun-0137-norfolk-county,Norfolk County,municipality,https://www.norfolkcounty.ca/,https://www.norfolkcounty.ca/council-administration-and-government/careers,,,,,,
mun-0113-municipality-of-northern-bruce-peninsula,Municipality of Northern Bruce Peninsula,municipality,https://www.northbrucepeninsula.ca/,https://www.northbrucepeninsula.ca/jobs,,,,,,
mun-0360-township-of-north-dumfries,Township of North Dumfries,municipality,https://www.northdumfries.ca/,https://www.northdumfries.ca/employment,,,,,,
mun-0361-township-of-north-dundas,Township of North Dundas,municipality,https://www.northdundas.com/,https://www.northdundas.com/community-recreation/career-opportunities,,,,,,
mun-0362-township-of-north-frontenac,Township of North Frontenac,municipality,https://www.northfrontenac.com/en/index.aspx,https://www.northfrontenac.com/en/township-services/careers-and-volunteering.aspx?_mid_=18866,,,,,,
mun-0363-township-of-north-glengarry,Township of North Glengarry,municipality,https://www.northglengarry.ca/,https://www.northglengarry.ca/working-here/careers,,,,,,
mun-0110-municipality-of-north-grenville,Municipality of North Grenville,municipality,https://www.northgrenville.ca/,https://www.northgrenville.ca/council-government/municipal-government/careers,,,,,,
mun-0364-township-of-north-huron,Township of North Huron,municipality,https://www.northhuron.ca/en/index.aspx,https://www.northhuron.ca/en/municipal-government/careers.aspx,,,,,,
mun-0365-township-of-north-kawartha,Township of North Kawartha,municipality,https://www.northkawartha.ca/,https://www.northkawartha.ca/living-here/employment-and-volunteer-opportunities/,,,,,,
mun-0111-municipality-of-north-middlesex,Municipality of North Middlesex,municipality,https://www.northmiddlesex.on.ca/,https://www.northmiddlesex.on.ca/careers,,,,,,
mun-0112-municipality-of-north-perth,Municipality of North Perth,municipality,https://www.northperth.ca/,https://www.northperth.ca/careers,,,,,,
mun-0366-township-of-north-stormont,Township of North Stormont,municipality,https://www.northstormont.ca/,https://www.northstormont.ca/work-with-us,,,,,,
mun-0367-township-of-norwich,Township of Norwich,municipality,https://www.norwich.ca/,https://www.norwich.ca/our-township/employment,,,,,,
mun-0206-town-of-niagara-on-the-lake,Town of Niagara-on-the-Lake,municipality,https://www.notl.com/,https://www.notl.com/apply-job,,,,,,
fn-0536-northwest-angle-no-33,Northwest Angle No.33,first_nation,https://www.nwa33.ca/,https://www.nwa33.ca/employment/,,,,,,
mun-0208-town-of-oakville,Town of Oakville,municipality,https://www.oakville.ca/,https://www.oakville.ca/town-hall/careers,,,,,,
mun-0368-township-of-o-connor,Township of O'Connor,municipality,https://www.oconnortownship.ca/,https://www.oconnortownship.ca/careers,,,,,,
fn-0472-chippewas-of-rama-first-nation,Chippewas of Rama First Nation,first_nation,https://www.ramafirstnation.ca/,https://www.ogemawahj.on.ca/about-us/job-board/rama,,,,,,
mun-0438-village-of-oil-springs,Village of Oil Springs,municipality,https://www.oilsprings.ca/,https://www.oilsprings.ca/municipal-office/employment-opportunities,,,,,,
fn-0537-ojibway-nation-of-saugeen,Ojibway Nation of Saugeen,first_nation,https://www.ojibwaynationofsaugeen.ca/,https://www.ojibwaynationofsaugeen.ca/careers.html,,,,,,
mun-0209-town-of-orangeville,Town of Orangeville,municipality,https://www.orangeville.ca/en/index.aspx,https://www.orangeville.ca/en/town-hall/job-opportunities.aspx?_mid_=53705,,,,,,
mun-0370-township-of-oro-medonte,Township of Oro-Medonte,municipality,https://www.oro-medonte.ca/,https://www.oro-medonte.ca/careers,,,,,,
mun-0026-city-of-oshawa,City of Oshawa,municipality,https://www.oshawa.ca/,https://www.oshawa.ca/careers,,,,,,
mun-0371-township-of-otonabee-south-monaghan,Township of Otonabee-South Monaghan,municipality,https://www.osmtownship.ca/,https://www.osmtownship.ca/jobs,,,,,,
mun-0028-city-of-owen-sound,City of Owen Sound,municipality,https://www.owensound.ca/,https://www.owensound.ca/city-government/careers,,,,,,
mun-0064-county-of-oxford,County of Oxford,municipality,https://www.oxfordcounty.ca/,https://www.oxfordcounty.ca/careers,,,,,,
mun-0210-town-of-parry-sound,Town of Parry Sound,municipality,https://www.parrysound.ca/,https://www.parrysound.ca/government/employment-opportunities,,,,,,
mun-0373-township-of-pelee,Township of Pelee,municipality,https://www.pelee.org/,https://www.pelee.org/municipality/employment/,,,,,,
mun-0211-town-of-pelham,Town of Pelham,municipality,https://www.pelham.ca/,https://www.pelham.ca/careers,,,,,,
mun-0029-city-of-pembroke,City of Pembroke,municipality,https://www.pembroke.ca/,https://www.pembroke.ca/city-government/careers,,,,,,
mun-0212-town-of-penetanguishene,Town of Penetanguishene,municipality,https://www.penetanguishene.ca/,https://www.penetanguishene.ca/townhall/employment,,,,,,
mun-0213-town-of-perth,Town of Perth,municipality,https://www.perth.ca/,https://www.perth.ca/employment,,,,,,
mun-0065-county-of-perth,County of Perth,municipality,https://www.perthcounty.ca/en/index.aspx,https://www.perthcounty.ca/en/county-government/employment-opportunities.aspx,,,,,,
mun-0376-township-of-perth-south,Township of Perth South,municipality,https://www.perthsouth.ca/en/index.aspx,https://www.perthsouth.ca/en/township-office/careers-and-employment.aspx,,,,,,
mun-0030-city-of-peterborough,City of Peterborough,municipality,https://www.peterborough.ca/,https://www.peterborough.ca/careers,,,,,,
mun-0031-city-of-pickering,City of Pickering,municipality,https://www.pickering.ca/,https://www.pickering.ca/careers,,,,,,
fn-0528-netmizaaggamig-nishnaabeg,Netmizaaggamig Nishnaabeg,first_nation,https://www.picmobert.com/,https://www.picmobert.com/jobs,,,,,,
fn-0461-biigtigong-nishnaabeg,Biigtigong Nishnaabeg,first_nation,https://www.picriver.com/ ,"https://www.picriver.com/#:~:text=Council%0ABiigitong%20Nishnaabeg-,Job%20Postings,-Nothing%20posted.%20Keep",,,,,,
mun-0216-town-of-plympton-wyoming,Town of Plympton-Wyoming,municipality,https://www.plympton-wyoming.com/,https://www.plympton-wyoming.com/careers,,,,,,
mun-0032-city-of-port-colborne,City of Port Colborne,municipality,https://www.portcolborne.ca/en/index.aspx,https://www.portcolborne.ca/en/city-hall/job-postings.aspx,,,,,,
mun-0115-municipality-of-port-hope,Municipality of Port Hope,municipality,https://www.porthope.ca/en/index.aspx,https://www.porthope.ca/en/your-municipal-government/careers.aspx?_mid_=77255,,,,,,
mun-0116-municipality-of-powassan,Municipality of Powassan,municipality,https://www.powassan.net/,https://www.powassan.net/news/employment-opportunity-with-golden-sunshine-municipal-non-profit-housing-corporation-,,,,,,
mun-0217-town-of-prescott,Town of Prescott,municipality,https://www.prescott.ca/,https://www.prescott.ca/town-hall/career-opportunities,,,,,,
mun-0379-township-of-prince,Township of Prince,municipality,https://www.princetownship.ca/,https://www.princetownship.ca/join-our-team.html,,,,,,
mun-0066-county-of-peterborough,County of Peterborough,municipality,https://www.ptbocounty.ca/,https://www.ptbocounty.ca/county-government/careers,,,,,,
mun-0218-town-of-rainy-river,Town of Rainy River,municipality,https://www.rainyriver.ca/en,https://www.rainyriver.ca/en/your-government/employment-tenders-rfps,,,,,,
mun-0381-township-of-ramara,Township of Ramara,municipality,https://www.ramara.ca/,https://www.ramara.ca/careers,,,,,,
mun-0117-municipality-of-red-lake,Municipality of Red Lake,municipality,https://www.redlake.ca/,https://www.redlake.ca/our-government/jobs,,,,,,
mun-0143-regional-municipality-of-waterloo,Regional Municipality of Waterloo,municipality,https://www.regionofwaterloo.ca/en/index.aspx,https://www.regionofwaterloo.ca/en/regional-government/job-postings.aspx,,,,,,
mun-0219-town-of-renfrew,Town of Renfrew,municipality,https://www.renfrew.ca/,https://www.renfrew.ca/en/recreation-culture/recreation-programming/sponsorship-opportunities,,,,,,
mun-0034-city-of-richmond-hill,City of Richmond Hill,municipality,https://www.richmondhill.ca/en/index.aspx,https://www.richmondhill.ca/en/learn-more/Employment.aspx,,,,,,
mun-0383-township-of-rideau-lakes,Township of Rideau Lakes,municipality,https://www.rideaulakes.ca/,https://www.rideaulakes.ca/town-hall/services/employment-opportunities,,,,,,
mun-0384-township-of-russell,Township of Russell,municipality,https://www.russell.ca/en/index.aspx,https://www.russell.ca/en/your-township/job-postings.aspx,,,,,,
mun-0385-township-of-ryerson,Township of Ryerson,municipality,https://www.ryersontownship.ca/,https://www.ryersontownship.ca/town-hall/employment-opportunities,,,,,,
mun-0386-township-of-sables-spanish-rivers,Township of Sables Spanish Rivers,municipality,https://www.sables-spanish.ca/?doing_wp_cron=1771140234.2493290901184082031250,https://www.sables-spanish.ca/employment-opportunities,,,,,,
mun-0220-town-of-saugeen-shores,Town of Saugeen Shores,municipality,https://www.saugeenshores.ca/en/index.aspx,https://www.saugeenshores.ca/en/town-hall/careers.aspx,,,,,,
mun-0387-township-of-schreiber,Township of Schreiber,municipality,https://www.schreiber.ca/,https://www.schreiber.ca/job-opportunities,,,,,,
mun-0388-township-of-scugog,Township of Scugog,municipality,https://www.scugog.ca/,https://www.scugog.ca/careers,,,,,,
fn-0514-mississaugas-of-scugog-island-first-nation,Mississaugas of Scugog Island First Nation,first_nation,https://www.scugogfirstnation.com/Public/Home.aspx,https://www.scugogfirstnation.com/careers,,,,,,
mun-0432-united-counties-of-stormont-dundas-and-glengarry,"United Counties of Stormont, Dundas and Glengarry",municipality,https://www.sdgcounties.ca/,https://www.sdgcounties.ca/work-with-us,,,,,,
mun-0389-township-of-seguin,Township of Seguin,municipality,https://www.seguin.ca/en/index.aspx,https://www.seguin.ca/en/explore-play/employmentopportunities.aspx,,,,,,
mun-0390-township-of-selwyn,Township of Selwyn,municipality,https://www.selwyntownship.ca/,https://www.selwyntownship.ca/local-government/career-volunteer-opportunities,,,,,,
mun-0391-township-of-severn,Township of Severn,municipality,https://www.severn.ca/,https://www.severn.ca/jobs,,,,,,
fn-0522-munsee-delaware-nation,Munsee-Delaware Nation,first_nation,https://www.sfns.on.ca/munsee-delaware-nation.html,https://www.sfns.on.ca/career.html,,,,,,
mun-0221-town-of-shelburne,Town of Shelburne,municipality,https://www.shelburne.ca/,https://www.shelburne.ca/careers,,,,,,
fn-0555-sheshegwaning,Sheshegwaning,first_nation,https://www.sheshegwaning.org/,https://www.sheshegwaning.org/energy-projects/employment-training-opportunities,,,,,,
fn-0493-kasabonika-lake,Kasabonika Lake,first_nation,https://www.shibogama.on.ca/communities/kasabonika-lake-first-nation,https://www.shibogama.on.ca/jobs,,,,,,
fn-0496-kingfisher,Kingfisher,first_nation,https://www.shibogama.on.ca/communities/kingfisher-lake-first-nation,https://www.shibogama.on.ca/jobs,,,,,,
fn-0575-wawakapewin,Wawakapewin,first_nation,https://www.shibogama.on.ca/communities/wawakapewin-first-nation,https://www.shibogama.on.ca/jobs,,,,,,
mun-0118-municipality-of-shuniah,Municipality of Shuniah,municipality,https://www.shuniah.org/,https://www.shuniah.org/documents/employment,,,,,,
mun-0119-municipality-of-sioux-lookout,Municipality of Sioux Lookout,municipality,https://www.siouxlookout.ca/,https://www.siouxlookout.ca/join-our-team,,,,,,
fn-0557-six-nations-of-the-grand-river,Six Nations of the Grand River,first_nation,https://www.sixnations.ca/,https://www.sixnations.ca/careers,,,,,,
fn-0498-konadaha-seneca,Konadaha Seneca,first_nation,https://www.sixnations.ca/,https://www.sixnations.ca/careers/,,,,,,
fn-0502-lower-cayuga,Lower Cayuga,first_nation,https://www.sixnations.ca/,https://www.sixnations.ca/careers/,,,,,,
fn-0503-lower-mohawk,Lower Mohawk,first_nation,https://www.sixnations.ca/,https://www.sixnations.ca/careers/,,,,,,
fn-0531-niharondasa-seneca,Niharondasa Seneca,first_nation,https://www.sixnations.ca/,https://www.sixnations.ca/careers/,,,,,,
fn-0562-tuscarora,Tuscarora,first_nation,https://www.sixnations.ca/,https://www.sixnations.ca/careers/,,,,,,
fn-0563-upper-cayuga,Upper Cayuga,first_nation,https://www.sixnations.ca/,https://www.sixnations.ca/careers/,,,,,,
fn-0564-upper-mohawk,Upper Mohawk,first_nation,https://www.sixnations.ca/,https://www.sixnations.ca/careers/,,,,,,
fn-0570-walker-mohawk,Walker Mohawk,first_nation,https://www.sixnations.ca/,https://www.sixnations.ca/careers/,,,,,,
mun-0145-separated-town-of-smiths-falls,Separated Town of Smiths Falls,municipality,https://www.smithsfalls.ca/,https://www.smithsfalls.ca/careers,,,,,,
mun-0392-township-of-sioux-narrows-nestor-falls,Township of Sioux Narrows - Nestor Falls,municipality,https://www.snnf.ca/,https://www.snnf.ca/living-in-snnf/career-opportunities,,,,,,
mun-0393-township-of-south-algonquin,Township of South Algonquin,municipality,https://www.southalgonquin.ca/,https://www.southalgonquin.ca/article/employment/,,,,,,
mun-0120-municipality-of-south-bruce,Municipality of South Bruce,municipality,https://www.southbruce.ca/,https://www.southbruce.ca/careers/,,,,,,
mun-0223-town-of-south-bruce-peninsula,Town of South Bruce Peninsula,municipality,https://www.southbrucepeninsula.com/en/index.aspx,https://www.southbrucepeninsula.com/en/town-hall/careers.aspx,,,,,,
mun-0121-municipality-of-south-dundas,Municipality of South Dundas,municipality,https://www.southdundas.com/,https://www.southdundas.com/business-development/local-employment-agencies,,,,,,
mun-0394-township-of-south-frontenac,Township of South Frontenac,municipality,https://www.southfrontenac.net/,https://www.southfrontenac.net/our-government/careers-with-south-frontenac/,,,,,,
mun-0398-township-of-southgate,Township of Southgate,municipality,https://www.southgate.ca/,https://www.southgate.ca/careers,,,,,,
mun-0395-township-of-south-glengarry,Township of South Glengarry,municipality,https://www.southglengarry.com/,https://www.southglengarry.com/municipal-services/careers,,,,,,
mun-0122-municipality-of-south-huron,Municipality of South Huron,municipality,https://www.southhuron.ca/,https://www.southhuron.ca/government/careers-and-volunteer-opportunities,,,,,,
mun-0396-township-of-south-stormont,Township of South Stormont,municipality,https://www.southstormont.ca/,https://www.southstormont.ca/careers,,,,,,
mun-0123-municipality-of-southwest-middlesex,Municipality of Southwest Middlesex,municipality,https://www.southwestmiddlesex.ca/,https://www.southwestmiddlesex.ca/administration/structure/menus/main-navigation/join-our-team,,,,,,
mun-0399-township-of-southwold,Township of Southwold,municipality,https://www.southwold.ca/en/index.aspx,https://www.southwold.ca/en/municipal-office/employment.aspx,,,,,,
mun-0401-township-of-springwater,Township of Springwater,municipality,https://www.springwater.ca/en/index.aspx,https://www.springwater.ca/en/township-hall/careers.aspx,,,,,,
mun-0038-city-of-st-catharines,City of St. Catharines,municipality,https://www.stcatharines.ca/en/index.aspx,https://www.stcatharines.ca/en/council-and-administration/careers.aspx,,,,,,
mun-0402-township-of-st-clair,Township of St. Clair,municipality,https://www.stclairtownship.ca/,https://www.stclairtownship.ca/residents/general-information/employment-opportunities,,,,,,
mun-0404-township-of-stirling-rawdon,Township of Stirling-Rawdon,municipality,https://www.stirling-rawdon.com/,https://www.stirling-rawdon.com/township-government/careers/,,,,,,
mun-0405-township-of-stone-mills,Township of Stone Mills,municipality,https://www.stonemills.com/,https://www.stonemills.com/our-government/careers,,,,,,
mun-0406-township-of-strathroy-caradoc,Township of Strathroy - Caradoc,municipality,https://www.strathroy-caradoc.ca/,https://www.strathroy-caradoc.ca/city-hall/careers,,,,,,
mun-0407-township-of-strong,Township of Strong,municipality,https://www.strongtownship.com/,https://www.strongtownship.com/local-government/employment-opportunities,,,,,,
mun-0037-city-of-st-thomas,City of St Thomas,municipality,https://www.stthomas.ca/,https://www.stthomas.ca/city_hall/human_resources/employment,,,,,,
mun-0441-village-of-sundridge,Village of Sundridge,municipality,https://www.sundridge.ca/,https://www.sundridge.ca/jobs,,,,,,
fn-0546-red-rock,Red Rock,first_nation,http://www.rrib.ca/,https://www.supercomindustries.com/,,,,,,
mun-0397-township-of-south-west-oxford,Township of South-West Oxford,municipality,https://www.swox.org/,https://www.swox.org/township-services/careers,,,,,,
mun-0409-township-of-tay,Township of Tay,municipality,https://www.tay.ca/,https://www.tay.ca/municipal-government/employment,,,,,,
mun-0410-township-of-tay-valley,Township of Tay Valley,municipality,https://www.tayvalleytwp.ca/en/index.aspx,https://www.tayvalleytwp.ca/en/municipal-government/Career-Opportunities.aspx,,,,,,
mun-0225-town-of-tecumseh,Town of Tecumseh,municipality,https://www.tecumseh.ca/,https://www.tecumseh.ca/employment,,,,,,
mun-0125-municipality-of-temagami,Municipality of Temagami,municipality,https://www.temagami.ca/,https://www.temagami.ca/municipal-government/employment-opportunities,,,,,,
mun-0040-city-of-temiskaming-shores,City of Temiskaming Shores,municipality,https://www.temiskamingshores.ca/,https://www.temiskamingshores.ca/city-hall/employment-opportunities,,,,,,
mun-0412-township-of-terrace-bay,Township of Terrace Bay,municipality,https://www.terracebay.ca/,https://www.terracebay.ca/living-here/community/employment-opportunities,,,,,,
mun-0126-municipality-of-thames-centre,Municipality of Thames Centre,municipality,https://www.thamescentre.on.ca/,https://www.thamescentre.on.ca/jobs,,,,,,
mun-0413-township-of-the-archipelago,Township of The Archipelago,municipality,https://www.thearchipelago.on.ca/,https://www.thearchipelago.on.ca/p/employment-opportunities,,,,,,
mun-0226-town-of-the-blue-mountains,Town of The Blue Mountains,municipality,https://www.thebluemountains.ca/,https://www.thebluemountains.ca/town-hall/employment-opportunities,,,,,,
mun-0138-prince-edward-county,Prince Edward County,municipality,https://www.thecounty.ca/,https://www.thecounty.ca/residents/employment,,,,,,
fn-0561-thessalon,Thessalon,first_nation,https://www.thessalonfirstnation.ca/,https://www.thessalonfirstnation.ca/employment-opportunities.html,,,,,,
mun-0041-city-of-thorold,City of Thorold,municipality,https://www.thorold.ca/en/index.aspx,https://www.thorold.ca/en/city-hall/jobs.aspx,,,,,,
mun-0228-town-of-tillsonburg,Town of Tillsonburg,municipality,https://www.tillsonburg.ca/,https://www.tillsonburg.ca/town-hall/jobs,,,,,,
mun-0043-city-of-timmins,City of Timmins,municipality,https://www.timmins.ca/,https://www.timmins.ca/our_services/news_and_alerts/current_career_opportunities,,,,,,
mun-0415-township-of-tiny,Township of Tiny,municipality,https://www.tiny.ca/,https://www.tiny.ca/township-hall/employment-opportunities,,,,,,
mun-0201-town-of-minto,Town of Minto,municipality,https://www.town.minto.on.ca/,https://www.town.minto.on.ca/government/careers,,,,,,
mun-0155-town-of-bradford-west-gwillimbury,Town of Bradford West Gwillimbury,municipality,https://www.townofbwg.com/en/index.aspx,https://www.townofbwg.com/en/town-hall/careers.aspx,,,,,,
mun-0176-town-of-grand-valley,Town of Grand Valley,municipality,https://www.townofgrandvalley.ca/,https://www.townofgrandvalley.ca/municipal-government/employment,,,,,,
mun-0189-town-of-kearney,Town of Kearney,municipality,https://www.townofkearney.ca/,https://www.townofkearney.ca/employment-opportunities,,,,,,
mun-0207-town-of-northeastern-manitoulin-and-the-islands,Town of Northeastern Manitoulin and The Islands,municipality,https://www.townofnemi.on.ca/,https://www.townofnemi.on.ca/p/employment,,,,,,
mun-0400-township-of-spanish,Township of Spanish,municipality,https://www.townofspanish.com/,https://www.townofspanish.com/town-hall/employment-and-volunteer-opportunites,,,,,,
mun-0224-town-of-st-marys,Town of St. Marys,municipality,https://www.townofstmarys.com/,https://www.townofstmarys.com/careers,,,,,,
mun-0231-town-of-whitchurch-stouffville,Town of Whitchurch-Stouffville,municipality,https://www.townofws.ca/,https://www.townofws.ca/town-hall/careers,,,,,,
mun-0255-township-of-brock,Township of Brock,municipality,https://www.townshipofbrock.ca/,https://www.townshipofbrock.ca/careers,,,,,,
mun-0308-township-of-hornepayne,Township of Hornepayne,municipality,https://www.townshipofhornepayne.ca/,https://www.townshipofhornepayne.ca/our-government/job-opportunities,,,,,,
mun-0317-township-of-joly,Township of Joly,municipality,https://www.townshipofjoly.com/,https://www.townshipofjoly.com/en/contacts/job-opportunities,,,,,,
mun-0333-township-of-machar,Township of Machar,municipality,https://www.townshipofmachar.ca/en/,https://www.townshipofmachar.ca/en/municipal-services/job-opportunities,,,,,,
mun-0128-municipality-of-trent-hills,Municipality of Trent Hills,municipality,https://www.trenthills.ca/,https://www.trenthills.ca/jobs,,,,,,
mun-0129-municipality-of-trent-lakes,Municipality of Trent Lakes,municipality,https://www.trentlakes.ca/,https://www.trentlakes.ca/careers,,,,,,
mun-0130-municipality-of-tweed,Municipality of Tweed,municipality,https://www.tweed.ca/,https://www.tweed.ca/bidopportunitiesc12,,,,,,
mun-0251-township-of-black-river-matheson,Township of Black River Matheson,municipality,https://www.twpbrm.ca/,https://www.twpbrm.ca/your-township-government/employment-opportunities/,,,,,,
mun-0286-township-of-edwardsburgh-cardinal,Township of Edwardsburgh/Cardinal,municipality,https://www.twpec.ca/,https://www.twpec.ca/careers,,,,,,
mun-0418-township-of-uxbridge,Township of Uxbridge,municipality,https://www.uxbridge.ca/en/index.aspx,https://www.uxbridge.ca/en/your-local-government/careers.aspx,,,,,,
mun-0439-village-of-point-edward,Village of Point Edward,municipality,https://www.villageofpointedward.com/,https://www.villageofpointedward.com/municipal-office/tenders-job-postings,,,,,,
mun-0334-township-of-machin,Township of Machin,municipality,https://www.visitmachin.com/,https://www.visitmachin.com/p/-https-machin-municipalwebsites-ca-ckfinder-connector-command-proxy-lang-en-type-files-currentfolder-2f-hash-c245c263ce0eced480effe66bbede6b4d46c15ae-filename-grasscrewad-20--20copy-pdf-,,,,,,
fn-0567-wabigoon-lake-ojibway-nation,Wabigoon Lake Ojibway Nation,first_nation,https://www.wabigoonlakeon.ca/,https://www.wabigoonlakeon.ca/jobs,,,,,,
fn-0482-flying-post,Flying Post,first_nation,https://www.wabuntribalcouncil.ca/first-nations/flying-post-first-nation,https://www.wabuntribalcouncil.ca/careers/,,,,,,
fn-0468-chapleau-ojibway,Chapleau Ojibway,first_nation,https://www.wabuntribalcouncil.ca/first-nations/chapleau-ojibwe-first-nation,https://www.wabuntribalcouncil.ca/careers/,,,,,,
mun-0420-township-of-wainfleet,Township of Wainfleet,municipality,https://www.wainfleet.ca/,https://www.wainfleet.ca/careers,,,,,,
fn-0571-walpole-island,Walpole Island,first_nation,https://www.walpoleislandfirstnation.ca/,https://www.walpoleislandfirstnation.ca/employment-and-training,,,,,,
mun-0421-township-of-warwick,Township of Warwick,municipality,https://www.warwicktownship.ca/en/index.aspx,https://www.warwicktownship.ca/en/our-government/jobs.aspx?_mid_=8233,,,,,,
mun-0229-town-of-wasaga-beach,Town of Wasaga Beach,municipality,https://www.wasagabeach.com/,https://www.wasagabeach.com/our-organization/careers,,,,,,
mun-0046-city-of-waterloo,City of Waterloo,municipality,https://www.waterloo.ca/,https://www.waterloo.ca/careers,,,,,,
mun-0131-municipality-of-wawa,Municipality of Wawa,municipality,https://www.wawa.cc/,https://www.wawa.cc/your-government/employment-opportunities,,,,,,
mun-0422-township-of-wellesley,Township of Wellesley,municipality,https://www.wellesley.ca/,https://www.wellesley.ca/council-and-administration/careers/,,,,,,
mun-0423-township-of-wellington-north,Township of Wellington North,municipality,https://www.wellington-north.com/,https://www.wellington-north.com/government/employment-opportunities,,,,,,
mun-0069-county-of-wellington,County of Wellington,municipality,https://www.wellington.ca/,https://www.wellington.ca/programmes-services/long-term-care/volunteer-terrace/current-volunteer-opportunities,,,,,,
mun-0132-municipality-of-west-elgin,Municipality of West Elgin,municipality,https://www.westelgin.net/en/index.aspx,https://www.westelgin.net/en/municipal-office/job-opportunities.aspx,,,,,,
mun-0133-municipality-of-west-grey,Municipality of West Grey,municipality,https://www.westgrey.com/,https://www.westgrey.com/careers,,,,,,
mun-0424-township-of-west-lincoln,Township of West Lincoln,municipality,https://www.westlincoln.ca/en/index.aspx,https://www.westlincoln.ca/en/township-office/jobs.aspx,,,,,,
mun-0134-municipality-of-west-nipissing,Municipality of West Nipissing,municipality,https://www.westnipissing.ca/,https://www.westnipissing.ca/,,,,,,
mun-0135-municipality-of-west-perth,Municipality of West Perth,municipality,https://www.westperth.com/en/index.aspx,https://www.westperth.com/en/municipal-office/careers-and-volunteers.aspx,,,,,,
mun-0230-town-of-whitby,Town of Whitby,municipality,https://www.whitby.ca/,https://www.whitby.ca/careers,,,,,,
fn-0578-whitefish-river,Whitefish River,first_nation,https://www.whitefishriver.ca/,https://www.whitefishriver.ca/employment-opportunities,,,,,,
mun-0425-township-of-white-river,Township of White River,municipality,https://www.whiteriver.ca/,https://www.whiteriver.ca/employment-opportunities,,,,,,
fn-0579-whitesand,Whitesand,first_nation,https://www.whitesandfirstnation.com/,https://www.whitesandfirstnation.com/careers,,,,,,
mun-0136-municipality-of-whitestone,Municipality of Whitestone,municipality,https://www.whitestone.ca/,https://www.whitestone.ca/p/employment-opportunities,,,,,,
mun-0426-township-of-whitewater-region,Township of Whitewater Region,municipality,https://www.whitewaterregion.ca/,https://www.whitewaterregion.ca/careers,,,,,,
fn-0580-wikwemikong,Wikwemikong,first_nation,https://www.wiikwemkoong.ca/,https://www.wiikwemkoong.ca/employment,,,,,,
mun-0427-township-of-wilmot,Township of Wilmot,municipality,https://www.wilmot.ca/,https://www.wilmot.ca/jobs,,,,,,
fn-0459-bearskin-lake,Bearskin Lake,first_nation,https://www.windigo.on.ca/bearskin-lake-first-nation,https://www.windigo.on.ca/careers,,,,,,
fn-0534-north-caribou-lake,North Caribou Lake,first_nation,https://www.windigo.on.ca/north-caribou-lake-first-nation,https://www.windigo.on.ca/careers,,,,,,
fn-0547-sachigo-lake,Sachigo Lake,first_nation,https://www.windigo.on.ca/sachigo-lake-first-nation,https://www.windigo.on.ca/careers,,,,,,
fn-0558-slate-falls-nation,Slate Falls Nation,first_nation,https://www.windigo.on.ca/slate-falls-nation,https://www.windigo.on.ca/careers,,,,,,
mun-0429-township-of-woolwich,Township of Woolwich,municipality,https://www.woolwich.ca/,https://www.woolwich.ca/careers,,,,,,
mun-0144-regional-municipality-of-york,Regional Municipality of York,municipality,https://www.york.ca/default.htm,https://www.york.ca/york-region/careers,,,,,,
mun-0430-township-of-zorra,Township of Zorra,municipality,https://www.zorra.ca/,https://www.zorra.ca/our-township/employment,,,,,,
fn-0549-sandy-lake,Sandy Lake,first_nation,http://ambe.knet.ca/,,,,,,,
fn-0477-deer-lake,Deer Lake,first_nation,http://deerlake.firstnation.ca/,,,,,,,
fn-0494-kashechewan,Kashechewan,first_nation,http://kfnation.ca/,,,,,,,
fn-0535-north-spirit-lake,North Spirit Lake,first_nation,http://nsl.firstnation.ca/,,,,,,,
fn-0551-seine-river-first-nation,Seine River First Nation,first_nation,https://seineriverfirstnation.ca/,,,,,,,
fn-0529-nibinamik-first-nation,Nibinamik First Nation,first_nation,https://summerbeaver.com/,,,,,,,
fn-0572-wapekeka,Wapekeka,first_nation,https://wapekeka.ca/,,,,,,,
fn-0576-webequie,Webequie,first_nation,http://www.webequie.ca/,,,,,,,
mun-0232-township-of-addington-highlands,Township of Addington Highlands,municipality,https://addingtonhighlands.ca/,,,,,,,
mun-0246-township-of-athens,Township of Athens,municipality,https://athenstownship.ca/,,,,,,,
mun-0249-township-of-baldwin,Township of Baldwin,municipality,https://baldwin.ca/,,,,,,,
mun-0272-township-of-cockburn-island,Township of Cockburn Island,municipality,https://cockburnisland.ca/index.php,,,,,,,
mun-0276-township-of-dawn-euphemia,Township of Dawn-Euphemia,municipality,https://dawneuphemia.ca/,,,,,,,
fn-0480-eabametoong-first-nation,Eabametoong First Nation,first_nation,https://eabametoongfn.ca/,,,,,,,
mun-0303-township-of-harley,Township of Harley,municipality,https://harley.ca/,,,,,,,
mun-0304-township-of-harris,Township of Harris,municipality,https://harristownship.weebly.com/,,,,,,,
mun-0311-township-of-hudson,Township of Hudson,municipality,https://hudson.ca/,,,,,,,
mun-0318-township-of-kerns,Township of Kerns,municipality,https://kerns.ca/,,,,,,,
mun-0322-township-of-laird,Township of Laird,municipality,https://lairdtownship.ca/,,,,,,,
mun-0321-township-of-la-vallee,Township of La Vallee,municipality,https://lavallee.ca/,,,,,,,
fn-0508-mattagami,Mattagami,first_nation,https://mattagami.com/,,,,,,,
fn-0526-naotkamegwanning,Naotkamegwanning,first_nation,https://naotkameg.wanning.ca/,,,,,,,
mun-0358-township-of-nipissing,Township of Nipissing,municipality,https://nipissingtownship.com/,,,,,,,
mun-0372-township-of-papineau-cameron,Township of Papineau-Cameron,municipality,https://papineaucameron.ca/,,,,,,,
fn-0542-pays-plat,Pays Plat,first_nation,https://ppfn.ca/,,,,,,,
fn-0492-iskatewizaagegan-39-independent-first-nation,Iskatewizaagegan #39 Independent First Nation,first_nation,https://shoallake39.ca/lander,,,,,,,
fn-0577-weenusk,Weenusk,first_nation,https://weenusk.ca/,,,,,,,
fn-0449-anishinabe-of-wauzhushk-onigum,Anishinabe of Wauzhushk Onigum,first_nation,https://wonation.ca/,,,,,,,
fn-0581-wunnumin,Wunnumin,first_nation,https://wunnumin.com/,,,,,,,
fn-0452-aroland,Aroland,first_nation,https://www.arolandfirstnation.ca/,,,,,,,
fn-0454-attawapiskat,Attawapiskat,first_nation,https://www.attawapiskat.org/lander,,,,,,,
fn-0466-cat-lake,Cat Lake,first_nation,https://www.catlakefirstnation.com/,,,,,,,
mun-0265-township-of-chamberlain,Township of Chamberlain,municipality,https://www.chamberlaintownship.com/,,,,,,,
mun-0277-township-of-dawson,Township of Dawson,municipality,https://www.dawsontownship.ca/,,,,,,,
fn-0444-albany,Albany,first_nation,https://www.fortalbany.ca/ ,,,,,,,
fn-0520-moose-deer-point,Moose Deer Point,first_nation,https://www.moosedeerpoint.ca/,,,,,,,
mun-0437-village-of-newbury,Village of Newbury,municipality,https://www.newbury.ca/,,,,,,,
fn-0458-bearfoot-onondaga,Bearfoot Onondaga,first_nation,https://www.onondaganation.org/,,,,,,,
fn-0541-onondaga-clear-sky,Onondaga Clear Sky,first_nation,https://www.onondaganation.org/,,,,,,,
mun-0369-township-of-opasatika,Township of Opasatika,municipality,https://www.opasatika.net/,,,,,,,
fn-0574-washagamis-bay,Washagamis Bay,first_nation,https://www.washagamisbay.ca/,,,,,,,
mun-0296-township-of-gauthier,Township of Gauthier,municipality,,,,,,,,